,0,1,2,3,4,5,6,7,8,9,10,11,12,13,14,15,16,17,18,19,20,21,22,23,24,25,26,27,28,29,30,31,32,33,34,35,36,37,38,39,40,41,42,43,44,45,46,47,48,49,50,51,52,53,54,55,56,57,58,59,60,61,62,63,64,65,66,67,68,69,70,71,72,73,74,75,76,77,78,79,80,81,82,83,84,85,86,87,88,89,90,91,92,93,94,95,96,97,98,99,100,101,102,103,104,105,106,107,108,109,110,111,112,113,114,115,116,117,118,119,120,121,122,123,124,125,126,127,128,129,130,131,132,133,134,135,136,137
"gi|9626953|ref|NC_001499.1| Abelson murine leukemia virus, complete genome",878,0,328,0,100,154,152,172,360,0,0,0,0,0,0,0,0,0,0,0,174,0,0,0,173,360,0,0,0,0,0,0,155,0,0,173,0,515,0,173,0,0,0,0,0,0,0,515,0,0,515,304,533,173,0,0,0,98,0,173,0,186,515,515,515,0,173,173,0,0,360,0,173,0,0,0,515,638,0,173,420,360,0,0,0,0,0,155,0,0,0,518,550,515,515,360,0,0,0,296,190,173,0,0,515,360,515,515,0,0,173,0,0,0,0,0,510,515,0,0,0,0,0,0,0,0,0,0,253,0,0,0,0,93,285,326,255,0
"gi|189490154|ref|NC_010820.1| Simian foamy virus 3, complete genome",0,1989,0,0,0,0,0,0,462,562,543,610,633,595,609,663,683,645,587,563,0,831,563,582,302,0,521,812,1005,1233,754,770,262,457,617,558,771,285,259,225,167,641,1091,898,1026,1014,1131,253,534,1011,0,0,245,229,718,461,88,0,161,509,685,0,0,0,0,1181,671,715,663,463,0,992,226,829,322,985,0,0,565,499,0,0,699,804,410,187,784,282,557,485,531,263,0,241,0,0,781,1044,98,0,0,250,465,299,0,0,0,0,1580,647,717,527,368,184,654,1076,0,268,674,359,598,525,600,545,857,816,557,526,0,857,80,806,792,0,0,0,0,731
"gi|83722643|ref|NC_007654.1| Atlantic salmon swim bladder sarcoma virus, complete genome",328,0,1282,0,100,0,152,83,0,508,483,502,508,508,508,508,508,508,497,481,0,508,508,508,726,0,494,508,508,249,508,508,236,378,508,737,508,247,621,587,0,0,259,259,508,249,508,210,508,508,444,154,423,667,486,441,0,0,72,718,508,0,247,247,247,257,778,778,0,452,0,508,589,249,214,508,458,294,463,696,306,219,0,508,416,81,508,704,207,244,485,427,215,218,437,0,508,249,75,0,0,454,249,0,247,0,247,247,0,508,775,200,765,77,491,508,172,245,508,508,508,508,508,506,249,259,472,218,78,259,78,508,257,0,145,239,124,508
"gi|9626152|ref|NC_001402.1| Avian carcinoma virus, complete genome",0,0,0,333,127,63,63,138,0,0,0,0,0,0,0,0,0,0,0,63,0,0,0,63,63,75,0,63,0,0,0,0,0,0,0,0,0,75,0,0,0,0,0,0,0,0,0,0,63,0,0,125,0,0,0,0,0,0,0,0,0,0,75,0,0,0,0,0,0,0,63,0,0,0,0,0,0,0,0,0,0,0,0,63,0,0,0,0,0,63,0,0,0,0,0,63,0,0,63,0,63,63,0,0,0,75,0,0,0,63,0,0,63,63,0,0,0,0,0,0,0,0,0,0,0,0,0,0,0,0,127,63,0,0,75,0,63,0
"gi|49248517|ref|NC_005947.1| Avian endogenous retrovirus EAV-HP, complete genome",100,0,100,127,567,364,464,277,0,0,0,0,0,0,0,0,0,0,0,123,85,0,0,123,223,0,0,123,0,0,0,0,0,0,0,100,0,0,0,100,0,0,0,0,0,0,0,0,123,0,0,343,100,221,0,0,0,0,0,100,0,89,0,0,0,0,100,100,0,0,244,0,100,0,0,0,0,0,0,100,99,120,0,123,0,0,0,0,0,123,0,100,120,0,0,364,0,0,78,0,364,223,0,0,0,0,0,0,0,123,100,0,123,76,0,0,120,0,0,0,0,0,121,121,0,0,0,0,0,0,180,123,0,0,0,0,343,0
"gi|323363050|ref|NC_015116.1| Avian leukemia virus, complete genome",154,0,0,63,364,970,789,283,154,0,0,0,0,0,0,0,0,0,0,211,254,0,0,211,211,154,0,211,0,0,0,0,0,0,0,0,0,154,0,0,0,0,0,0,0,0,0,154,211,0,154,307,154,190,0,0,83,0,0,0,0,176,154,154,154,0,0,0,0,0,555,0,0,0,0,0,154,154,0,0,121,366,0,211,0,0,0,0,0,211,0,188,357,154,154,775,0,0,78,94,816,211,0,0,154,154,154,154,0,211,0,0,211,76,0,0,327,154,0,0,0,0,190,190,0,0,0,0,90,0,96,211,0,0,151,0,398,0
"gi|9626201|ref|NC_001408.1| Avian leukosis virus - RSA, complete genome",152,0,152,63,464,789,953,277,0,0,0,0,0,0,0,0,0,0,0,201,168,0,0,201,353,0,0,201,0,0,0,0,0,0,0,152,0,0,0,152,0,0,0,0,0,0,0,0,201,0,0,459,152,334,0,0,83,0,0,152,0,89,0,0,0,0,152,152,0,0,383,0,152,0,0,0,0,0,0,152,99,212,0,201,0,0,0,0,0,201,0,331,203,0,0,622,0,0,78,0,801,353,0,0,0,0,0,0,0,201,152,0,201,76,0,0,173,0,0,0,0,0,182,182,0,0,0,0,90,0,96,201,0,0,0,0,522,0
"gi|9629900|ref|NC_001866.1| Avian myelocytomatosis virus, complete genome",172,0,83,138,277,283,277,462,89,0,0,0,0,0,0,0,0,0,0,91,171,0,0,91,174,185,0,91,0,0,0,0,0,0,0,83,0,185,0,83,0,0,0,0,0,0,0,89,91,0,89,277,172,83,0,0,0,0,0,83,0,176,185,89,89,0,83,83,0,0,180,0,83,0,0,0,89,89,0,83,172,192,0,91,0,0,0,0,0,91,0,83,192,89,89,283,0,0,78,89,194,174,0,0,89,185,89,89,0,91,83,0,91,76,0,0,192,89,0,0,0,0,0,0,0,0,0,0,0,0,91,91,0,0,185,0,277,0
"gi|725896726|ref|NC_022517.1| Baboon endogenous virus strain M7 proviral DNA, complete genome",360,462,0,0,0,154,0,89,1205,444,462,462,462,462,462,462,462,462,462,462,174,253,462,462,253,535,462,462,462,253,462,462,253,440,462,462,462,788,209,209,96,239,253,462,462,253,462,977,454,462,717,0,723,209,462,418,88,98,161,462,462,186,535,535,535,462,462,462,250,425,721,462,209,253,253,462,728,351,462,425,121,722,253,462,395,106,462,209,462,431,450,253,520,981,715,421,462,462,98,206,0,209,253,121,535,535,535,535,462,462,462,253,253,106,462,462,588,788,462,209,451,412,462,462,253,462,462,253,89,253,80,462,253,93,285,452,0,462
"gi|332308947|ref|NC_015506.1| Banana streak CA virus, complete genome",0,562,508,0,0,0,0,0,444,1469,1206,1287,1296,1291,1365,1383,1372,1365,1285,1053,0,875,1308,1162,757,0,1223,1223,1065,545,1421,1421,442,1078,1332,1022,1307,235,929,813,170,235,567,768,1106,545,1223,235,1099,1067,215,0,450,669,998,1125,88,0,313,1025,1317,0,0,0,0,733,1149,1223,235,1139,0,1053,817,545,458,1064,235,152,929,1056,107,219,235,1223,1029,268,1223,1012,904,945,1237,235,215,235,214,0,1212,1049,248,0,0,700,752,205,0,0,0,0,562,1181,1189,459,827,183,1275,1142,0,470,1403,1184,1439,1361,1068,1050,545,913,1202,681,0,582,158,1222,481,90,145,0,0,1403
"gi|65372047|ref|NC_007002.1| Banana streak GF virus, complete genome",0,543,483,0,0,0,0,0,462,1206,1243,1243,1236,1243,1243,1243,1243,1243,1243,1017,0,759,1241,1030,747,0,1203,1030,1030,525,1243,1243,469,1048,1243,1030,1243,272,909,813,170,239,506,753,1030,525,1030,253,1003,1030,215,0,460,669,1012,1115,88,0,313,996,1243,0,0,0,0,747,1030,1030,250,1128,0,1030,817,525,485,1030,234,152,944,974,107,219,272,1030,1029,268,1030,960,923,942,1212,263,215,241,214,0,1030,1009,248,0,0,694,738,205,0,0,0,0,543,1030,1030,485,759,183,1222,1030,0,481,1243,971,1213,1174,1030,1022,525,777,1206,703,0,506,158,1030,485,90,145,0,0,1243
"gi|332308951|ref|NC_015507.1| Banana streak IM virus, complete genome",0,610,502,0,0,0,0,0,462,1287,1243,1378,1331,1330,1314,1378,1378,1378,1317,1046,0,834,1323,1091,796,0,1223,1125,1122,581,1378,1378,469,1078,1377,1069,1363,285,929,813,170,239,572,819,1111,581,1125,253,1049,1125,215,0,460,669,1024,1125,88,0,313,1024,1378,0,0,0,0,813,1117,1125,250,1139,0,1105,817,581,542,1111,235,152,1010,1007,107,219,276,1125,1029,268,1125,1012,988,945,1242,263,215,241,214,0,1125,1121,248,0,0,700,834,205,0,0,0,0,610,1125,1125,543,834,183,1342,1115,0,503,1364,1051,1289,1238,1113,1060,581,863,1282,756,0,572,158,1125,572,90,145,0,0,1378
"gi|62327614|ref|NC_006955.1| Banana streak Mysore virus, complete genome",0,633,508,0,0,0,0,0,462,1296,1236,1331,1393,1346,1341,1392,1393,1378,1316,1078,0,886,1287,1136,807,0,1226,1187,1152,622,1393,1393,468,1041,1368,1069,1360,285,902,813,170,239,596,843,1163,622,1187,253,1088,1162,215,0,460,669,1030,1108,88,0,313,1038,1371,0,0,0,0,830,1159,1187,250,1121,0,1149,817,622,528,1160,235,152,1026,1018,107,219,276,1187,1029,268,1187,982,970,935,1236,263,215,241,214,0,1187,1106,248,0,0,687,809,205,0,0,0,0,633,1187,1187,534,886,183,1319,1167,0,474,1384,1061,1303,1258,1129,1079,622,897,1235,734,0,596,158,1187,538,90,145,0,0,1393
"gi|18450258|ref|NC_003381.1| Banana streak OL virus, complete genome",0,595,508,0,0,0,0,0,462,1291,1243,1330,1346,1364,1336,1364,1364,1364,1318,1061,0,857,1305,1121,811,0,1238,1144,1131,589,1364,1364,469,1055,1364,1069,1338,285,916,813,170,239,576,823,1134,589,1144,253,1081,1124,215,0,460,669,1030,1122,88,0,313,1042,1360,0,0,0,0,806,1139,1144,250,1135,0,1125,817,589,528,1131,235,152,1002,1022,107,219,276,1144,1029,268,1144,996,966,945,1240,263,215,241,214,0,1144,1096,248,0,0,700,799,205,0,0,0,0,595,1144,1144,528,857,183,1313,1138,0,488,1364,1056,1298,1259,1127,1079,589,863,1249,746,0,576,158,1144,528,90,145,0,0,1364
"gi|332304382|ref|NC_015502.1| Banana streak UA virus, complete genome",0,609,508,0,0,0,0,0,462,1365,1243,1314,1341,1336,1412,1410,1401,1390,1330,1079,0,855,1305,1152,795,0,1244,1184,1110,581,1401,1388,469,1063,1359,1067,1337,280,924,813,170,239,554,801,1132,581,1184,253,1099,1112,215,0,460,669,1030,1125,88,0,313,1048,1344,0,0,0,0,778,1117,1184,250,1139,0,1098,817,581,503,1109,235,152,974,1028,107,219,276,1184,1029,268,1184,1004,946,945,1243,263,215,241,214,0,1171,1076,248,0,0,700,779,205,0,0,0,0,609,1149,1157,504,855,183,1299,1136,0,496,1364,1132,1374,1311,1112,1079,581,883,1229,726,0,554,158,1184,508,90,145,0,0,1412
"gi|332308935|ref|NC_015503.1| Banana streak UI virus, complete genome",0,663,508,0,0,0,0,0,462,1383,1243,1378,1392,1364,1410,1503,1489,1462,1338,1079,0,906,1354,1157,815,0,1242,1238,1159,634,1490,1476,469,1078,1423,1069,1403,285,929,813,170,239,603,850,1183,634,1235,253,1097,1163,215,0,460,669,1030,1125,88,0,313,1046,1431,0,0,0,0,829,1166,1236,250,1139,0,1149,817,634,545,1160,235,152,1025,1026,107,219,276,1238,1029,268,1237,1012,995,945,1243,263,215,241,214,0,1222,1164,248,0,0,700,867,205,0,0,0,0,663,1198,1206,552,906,183,1374,1187,0,503,1424,1151,1390,1310,1137,1079,634,935,1286,756,0,603,158,1238,596,90,145,0,0,1499
"gi|332308939|ref|NC_015504.1| Banana streak UL virus, complete genome",0,683,508,0,0,0,0,0,462,1372,1243,1378,1393,1364,1401,1489,1509,1459,1338,1079,0,902,1348,1146,812,0,1239,1247,1163,633,1504,1469,469,1078,1421,1069,1410,285,929,813,170,239,607,854,1179,633,1231,253,1094,1170,215,0,460,669,1030,1125,88,0,313,1043,1436,0,0,0,0,836,1170,1232,250,1139,0,1156,817,633,545,1167,235,152,1028,1023,107,219,276,1241,1029,268,1233,1012,995,945,1243,263,215,241,214,0,1218,1168,248,0,0,700,871,205,0,0,0,0,683,1202,1210,552,902,183,1378,1183,0,503,1428,1154,1392,1307,1134,1079,633,952,1286,756,0,607,158,1247,600,90,145,0,0,1495
"gi|332308943|ref|NC_015505.1| Banana streak UM virus, complete genome",0,645,508,0,0,0,0,0,462,1365,1243,1378,1378,1364,1390,1462,1459,1466,1338,1079,0,883,1353,1143,819,0,1244,1206,1152,607,1466,1448,469,1078,1423,1069,1394,285,929,813,170,239,598,845,1160,607,1206,253,1095,1154,215,0,460,669,1030,1125,88,0,313,1048,1418,0,0,0,0,820,1161,1206,250,1139,0,1140,817,607,545,1149,235,152,1016,1030,107,219,276,1206,1029,268,1206,1012,991,945,1243,263,215,241,214,0,1199,1150,248,0,0,700,853,205,0,0,0,0,645,1184,1192,546,883,183,1369,1164,0,503,1416,1129,1367,1314,1140,1079,607,921,1286,756,0,598,158,1206,582,90,145,0,0,1466
"gi|65362558|ref|NC_007003.1| Banana streak virus strain Acuminata Vietnam, complete genome",0,587,497,0,0,0,0,0,462,1285,1243,1317,1316,1318,1330,1338,1338,1338,1338,1067,0,811,1287,1105,777,0,1218,1110,1092,563,1338,1338,469,1063,1338,1065,1320,285,924,813,170,239,536,783,1088,563,1110,253,1057,1103,215,0,460,669,1030,1125,88,0,313,1022,1330,0,0,0,0,777,1094,1110,250,1139,0,1082,817,563,511,1088,235,152,974,1002,107,219,276,1110,1029,268,1110,1000,954,945,1243,263,215,241,214,0,1110,1078,248,0,0,700,787,205,0,0,0,0,587,1110,1110,512,811,183,1281,1092,0,496,1333,1050,1292,1253,1094,1068,563,835,1237,734,0,536,158,1110,516,90,145,0,0,1338
"gi|95020638|ref|NC_008018.1| Banana streak virus, complete genome",0,563,481,63,123,211,201,91,462,1053,1017,1046,1078,1061,1079,1079,1079,1079,1067,1309,0,777,1016,1304,959,0,988,1309,1049,545,1079,1079,261,835,1073,1028,1052,261,696,628,96,239,493,740,1054,545,1079,253,1265,1063,215,148,460,669,1019,902,88,0,233,1006,1062,0,0,0,0,734,1056,1079,250,915,214,1046,631,545,261,1054,232,152,931,986,107,219,261,1309,826,187,1079,756,699,944,1026,261,215,241,214,205,1079,829,251,0,230,706,532,121,0,0,0,0,563,1308,1079,261,1007,259,1010,1058,0,261,1071,818,1060,1021,1051,1051,545,795,982,479,0,493,254,1309,261,0,145,0,134,1079
"gi|472438220|ref|NC_020881.1| Bat hepatitis virus isolate 776, complete genome",174,0,0,0,85,254,168,171,174,0,0,0,0,0,0,0,0,0,0,0,433,0,0,0,0,174,0,0,0,0,0,0,91,0,0,0,0,174,0,0,0,0,0,0,0,0,0,174,0,0,174,85,174,0,0,0,169,171,0,0,0,350,174,174,174,0,0,0,0,0,174,0,0,0,0,0,174,174,0,0,86,259,0,0,0,0,0,0,0,0,0,83,259,174,174,259,0,0,0,174,168,0,0,0,174,174,174,174,0,0,0,0,0,0,0,0,259,174,0,0,0,0,0,0,0,0,0,0,171,0,0,0,0,179,174,88,168,0
"gi|21263121|ref|NC_003138.2| Blueberry red ringspot virus, complete genome",0,831,508,0,0,0,0,0,253,875,759,834,886,857,855,906,902,883,811,777,0,1928,852,915,824,0,765,1188,1267,1598,1015,1224,262,609,870,793,1008,285,437,403,167,239,1407,1185,1358,1332,1489,253,820,1329,215,0,460,440,965,650,88,0,162,797,939,0,0,0,0,947,998,1026,250,668,0,1303,405,1470,322,1302,235,152,797,773,107,219,276,1140,602,187,1386,494,533,466,740,263,215,241,214,0,1475,1067,173,0,0,231,776,212,0,0,0,0,1198,970,1032,527,960,261,878,1527,0,268,998,612,892,810,847,798,1598,1220,780,528,0,1586,78,1119,1186,0,145,0,0,994
"gi|213496077|ref|NC_011592.1| Bougainvillea spectabilis chlorotic vein-banding virus, complete genome",0,563,508,0,0,0,0,0,462,1308,1241,1323,1287,1305,1305,1354,1348,1353,1287,1016,0,852,1398,1112,816,0,1244,1121,1091,548,1389,1398,469,1078,1342,1057,1326,285,929,813,170,239,598,827,1101,548,1121,253,1052,1078,215,0,460,669,1016,1125,88,0,313,1037,1348,0,0,0,0,792,1121,1121,250,1139,0,1082,817,548,517,1082,235,152,988,1041,107,219,276,1121,1029,268,1121,999,963,945,1213,263,215,241,214,0,1121,1094,248,0,0,700,816,205,0,0,0,0,563,1121,1121,518,835,183,1326,1121,0,503,1360,1072,1310,1259,1092,1044,548,867,1272,740,0,598,158,1121,571,90,145,0,0,1367
"gi|9629644|ref|NC_001831.1| Bovine foamy virus, complete genome",0,582,508,63,123,211,201,91,462,1162,1030,1091,1136,1121,1152,1157,1146,1143,1105,1304,0,915,1112,1523,1032,0,1030,1523,1115,593,1194,1212,262,835,1134,1069,1105,285,696,628,96,239,607,818,1154,593,1212,253,1324,1111,215,148,460,669,1030,902,88,0,233,1048,1121,0,0,0,0,783,1170,1212,250,915,214,1103,631,593,285,1114,235,152,979,1056,107,219,276,1523,826,187,1212,776,723,944,1030,263,215,241,214,205,1212,853,251,0,254,706,556,121,0,0,0,0,582,1488,1198,285,1166,259,1079,1190,0,268,1189,909,1169,1106,1118,1079,593,904,1006,503,0,607,254,1523,285,0,145,0,134,1177
"gi|9626219|ref|NC_001413.1| Bovine immunodeficiency virus, complete genome",173,302,726,63,223,211,353,174,253,757,747,796,807,811,795,815,812,819,777,959,0,824,816,1032,1275,0,765,1049,817,543,824,824,262,609,814,1001,809,285,437,587,96,239,583,583,824,543,824,253,982,804,215,302,668,666,745,650,88,0,162,983,810,0,0,0,0,559,1050,1050,250,668,214,808,589,543,302,808,235,152,765,926,206,219,276,1049,602,187,824,493,509,678,718,473,215,241,214,205,824,543,251,0,225,679,543,121,0,0,0,0,302,1049,1050,302,1049,259,811,824,0,268,824,522,764,725,818,762,543,583,766,520,0,583,174,1049,302,0,145,0,258,824
"gi|9626225|ref|NC_001414.1| Bovine leukemia virus, complete genome",360,0,0,75,0,154,0,185,535,0,0,0,0,0,0,0,0,0,0,0,174,0,0,0,0,1472,0,0,0,0,0,0,209,0,0,0,0,963,0,0,70,0,0,0,0,0,0,531,0,0,544,0,478,0,0,0,0,186,0,0,0,279,1189,1255,1255,0,0,0,0,0,527,0,0,0,0,0,530,351,0,0,121,514,0,0,0,0,0,0,0,0,0,0,520,583,538,421,0,0,0,411,0,0,0,0,1207,1472,1255,1235,0,0,0,0,0,0,0,0,416,617,0,0,0,0,0,0,0,0,0,0,89,0,0,0,0,93,557,467,0,0
"gi|9627246|ref|NC_001574.1| Cacao swollen shoot virus, complete genome",0,521,494,0,0,0,0,0,462,1223,1203,1223,1226,1238,1244,1242,1239,1244,1218,988,0,765,1244,1030,765,0,1244,1030,1030,491,1244,1244,463,1049,1241,1008,1236,256,910,813,170,239,530,777,1030,491,1030,253,1019,1017,215,0,460,669,986,1116,88,0,313,1016,1237,0,0,0,0,754,1030,1030,250,1124,0,1021,817,491,470,1021,235,152,950,990,107,219,256,1030,1029,268,1030,966,908,934,1190,256,215,241,214,0,1030,970,248,0,0,695,705,205,0,0,0,0,521,1030,1030,470,765,183,1241,1030,0,470,1244,988,1230,1191,1030,1013,491,795,1177,688,0,530,158,1030,470,90,145,0,0,1244
"gi|9626651|ref|NC_001463.1| Caprine arthritis-encephalitis virus, complete genome",0,812,508,63,123,211,201,91,462,1223,1030,1125,1187,1144,1184,1238,1247,1206,1110,1309,0,1188,1121,1523,1049,0,1030,1912,1303,867,1362,1491,262,835,1169,1069,1314,285,696,628,96,239,733,909,1351,726,1507,253,1324,1348,215,148,460,669,1030,902,88,0,233,1048,1230,0,0,0,0,932,1311,1395,250,915,214,1318,631,771,322,1336,235,152,1028,1056,107,219,276,1846,826,187,1474,776,764,944,1030,263,215,241,214,205,1500,1062,251,0,254,706,776,121,0,0,0,0,846,1589,1377,328,1249,259,1163,1437,0,268,1309,959,1239,1132,1140,1079,867,1232,1029,528,0,863,254,1823,516,0,145,0,134,1326
"gi|19919889|ref|NC_003498.1| Carnation etched ring virus, complete genome",0,1005,508,0,0,0,0,0,462,1065,1030,1122,1152,1131,1110,1159,1163,1152,1092,1049,0,1267,1091,1115,817,0,1030,1303,1555,993,1232,1303,262,835,1145,1069,1284,285,696,628,167,239,927,1149,1544,931,1555,253,1075,1533,215,0,460,669,1223,902,88,0,233,1048,1217,0,0,0,0,1184,1213,1215,250,915,0,1529,631,957,322,1526,235,152,1028,1028,107,219,276,1298,826,187,1283,776,764,729,1028,263,215,241,214,0,1303,1280,173,0,0,481,741,212,0,0,0,0,1013,1176,1238,527,910,261,1160,1548,0,268,1210,830,1072,1033,1134,1070,993,1035,1029,528,0,999,158,1277,725,0,145,0,0,1229
"gi|9627994|ref|NC_001648.1| Cassava vein mosaic virus, complete genome",0,1233,249,0,0,0,0,0,253,545,525,581,622,589,581,634,633,607,563,545,0,1598,548,593,543,0,491,867,993,2507,692,928,262,424,599,541,742,285,233,202,167,427,1489,899,1074,1332,1159,253,536,1123,0,0,245,215,728,442,88,0,162,523,672,0,0,0,0,690,668,696,445,456,0,1038,204,1558,322,1037,0,0,541,471,0,0,473,811,398,187,1056,242,326,466,504,263,0,241,0,0,1145,1067,98,0,0,231,776,212,0,0,0,0,1625,640,702,527,673,261,601,1322,0,268,668,302,566,487,572,541,2053,923,557,528,0,1653,0,803,1203,0,0,0,0,705
"gi|9626938|ref|NC_001497.1| Cauliflower mosaic virus, complete genome",0,754,508,0,0,0,0,0,462,1421,1243,1378,1393,1364,1401,1490,1504,1466,1338,1079,0,1015,1389,1194,824,0,1244,1362,1232,692,1635,1588,469,1078,1423,1069,1474,285,929,813,170,239,724,909,1253,692,1344,253,1108,1234,215,0,460,669,1030,1125,88,0,313,1048,1494,0,0,0,0,900,1274,1328,250,1139,0,1220,817,692,545,1231,235,152,1028,1056,107,219,276,1354,1029,268,1346,1012,995,945,1243,263,215,241,214,0,1331,1238,248,0,0,700,941,205,0,0,0,0,754,1260,1324,552,945,183,1417,1289,0,503,1524,1197,1448,1361,1140,1079,692,1076,1286,756,0,725,158,1367,670,90,145,0,0,1571
"gi|32453808|ref|NC_004324.3| Cestrum yellow leaf curling virus, complete genome",0,770,508,0,0,0,0,0,462,1421,1243,1378,1393,1364,1388,1476,1469,1448,1338,1079,0,1224,1398,1212,824,0,1244,1491,1303,928,1588,1838,469,1078,1423,1069,1556,285,929,813,170,239,726,909,1351,726,1452,253,1109,1415,215,0,460,669,1030,1125,88,0,313,1048,1494,0,0,0,0,932,1276,1326,250,1139,0,1318,817,771,545,1336,235,152,1028,1056,107,219,276,1441,1029,268,1404,1012,995,945,1243,263,215,241,214,0,1461,1342,248,0,0,700,1044,205,0,0,0,0,804,1266,1332,552,960,183,1417,1504,0,503,1526,1162,1437,1344,1140,1079,928,1188,1286,756,0,908,158,1422,806,90,145,0,0,1560
"gi|568519778|ref|NC_023153.1| Citrus endogenous pararetrovirus clone CB16-3, complete genome",155,262,236,0,0,0,0,0,253,442,469,469,468,469,469,469,469,469,469,261,91,262,469,262,262,209,463,262,262,262,469,469,1117,438,469,262,469,498,207,185,170,239,262,262,262,262,262,463,245,262,229,0,245,0,262,416,174,83,170,258,469,92,445,445,445,262,262,262,250,423,0,262,186,262,469,262,223,142,262,216,100,0,262,262,389,187,262,417,469,429,448,479,0,459,223,0,262,469,173,95,0,207,469,205,445,209,445,445,262,262,262,469,262,106,469,262,172,705,469,207,449,410,262,262,262,262,469,469,78,262,0,262,469,181,0,445,0,469
"gi|18450268|ref|NC_003382.1| Citrus yellow mosaic virus, complete genome",0,457,378,0,0,0,0,0,440,1078,1048,1078,1041,1055,1063,1078,1078,1078,1063,835,0,609,1078,835,609,0,1049,835,835,424,1078,1078,438,1078,1078,835,1078,231,837,788,170,231,416,642,835,424,835,231,835,835,185,0,416,604,835,1036,88,0,313,835,1078,0,0,0,0,642,835,835,231,1044,0,835,790,424,454,835,185,152,835,820,107,185,231,835,991,268,835,840,873,857,1048,231,185,231,185,0,835,893,248,0,0,638,667,205,0,0,0,0,457,835,835,455,609,183,1078,835,0,466,1074,847,1076,1036,835,835,424,642,1078,652,0,416,158,835,474,90,145,0,0,1078
"gi|9625564|ref|NC_001343.1| Commelina yellow mottle virus, complete genome",0,617,508,0,0,0,0,0,462,1332,1243,1377,1368,1364,1359,1423,1421,1423,1338,1073,0,870,1342,1134,814,0,1241,1169,1145,599,1423,1423,469,1078,1423,1069,1383,285,929,813,170,239,589,836,1147,599,1169,253,1086,1146,215,0,460,669,1030,1125,88,0,313,1045,1408,0,0,0,0,816,1152,1169,250,1139,0,1135,817,599,541,1141,235,152,1012,1025,107,219,276,1169,1029,268,1169,1012,987,945,1243,263,215,241,214,0,1169,1140,248,0,0,700,843,205,0,0,0,0,617,1169,1169,542,870,183,1360,1151,0,503,1403,1096,1334,1283,1136,1079,599,888,1283,756,0,589,158,1169,572,90,145,0,0,1423
"gi|194871987|ref|NC_011097.1| Cycad leaf necrosis virus, complete genome",173,558,737,0,100,0,152,83,462,1022,1030,1069,1069,1069,1067,1069,1069,1069,1065,1028,0,793,1057,1069,1001,0,1008,1069,1069,541,1069,1069,262,835,1069,1305,1067,282,696,812,96,239,534,781,1069,541,1069,253,1032,1069,215,154,668,896,1021,902,88,0,233,1230,1069,0,0,0,0,775,1305,1305,250,915,0,1064,815,541,282,1069,235,152,972,1187,206,219,276,1069,826,187,1069,770,720,729,1012,473,215,241,214,0,1069,817,173,0,0,704,541,121,0,0,0,0,558,1069,1305,282,793,183,1042,1069,0,268,1069,787,1029,990,1069,1051,541,810,1003,500,0,534,158,1069,282,0,145,0,124,1069
"gi|406356615|ref|NC_018616.1| Dahlia mosaic virus clone pDaMV-p2, complete genome",0,771,508,0,0,0,0,0,462,1307,1243,1363,1360,1338,1337,1403,1410,1394,1320,1052,0,1008,1326,1105,809,0,1236,1314,1284,742,1474,1556,469,1078,1383,1067,1557,285,929,813,170,239,667,889,1273,668,1314,253,1057,1306,215,0,460,669,1019,1125,88,0,313,1032,1451,0,0,0,0,932,1194,1214,250,1139,0,1278,817,694,545,1284,235,152,1028,1020,107,219,276,1297,1029,268,1282,1012,995,945,1237,263,215,241,214,0,1314,1272,248,0,0,700,985,205,0,0,0,0,791,1170,1237,552,891,183,1395,1289,0,503,1436,1072,1312,1261,1123,1059,742,1057,1272,756,0,751,158,1276,728,90,145,0,0,1471
"gi|823104939|ref|NC_027117.1| Desmodus rotundus endogenous retrovirus isolate 824, complete genome",515,285,247,75,0,154,0,185,788,235,272,285,285,285,280,285,285,285,285,261,174,285,285,285,285,963,256,285,285,285,285,285,498,231,285,282,285,1625,0,0,96,239,285,285,285,285,285,994,245,285,773,0,723,0,267,209,88,98,90,258,285,186,1312,1063,1063,285,285,285,250,216,527,285,0,285,285,285,753,493,285,216,221,514,276,285,186,106,285,210,285,222,241,480,520,1042,761,421,285,285,98,206,0,0,285,121,1005,1051,1063,1031,285,285,285,285,285,106,285,285,588,1130,285,0,242,203,285,264,285,285,285,285,167,285,0,285,285,93,417,483,0,285
"gi|125860391|ref|NC_009010.1| Dioscorea bacilliform virus, complete genome",0,259,621,0,0,0,0,0,209,929,909,929,902,916,924,929,929,929,924,696,0,437,929,696,437,0,910,696,696,233,929,929,207,837,929,696,929,0,1113,813,74,0,204,451,696,233,696,0,696,696,204,0,204,648,695,912,0,0,223,688,929,0,0,0,0,445,696,696,0,908,0,696,817,233,407,696,204,152,642,696,107,204,0,696,843,162,696,929,666,708,909,0,204,0,204,0,696,725,150,0,0,700,466,84,0,0,0,0,259,696,696,408,621,77,928,696,0,233,929,929,929,925,696,696,233,463,919,446,0,204,158,696,417,90,145,0,0,929
"gi|96980848|ref|NC_008034.1| Dracaena mottle virus, complete genome",173,225,587,0,100,0,152,83,209,813,813,813,813,813,813,813,813,813,813,628,0,403,813,628,587,0,813,628,628,202,813,813,185,788,813,812,813,0,813,997,74,0,201,426,628,202,628,0,628,628,201,154,385,812,628,813,0,0,223,812,813,0,0,0,0,426,812,812,0,813,0,628,997,202,185,628,201,152,628,812,206,201,0,628,812,162,628,813,611,612,813,184,201,0,201,0,628,612,150,0,0,796,387,84,0,0,0,0,225,628,812,185,403,77,813,628,0,185,813,813,813,813,628,628,202,426,813,387,0,201,158,628,185,90,145,0,124,813
"gi|9625568|ref|NC_001344.1| Duck hepatitis B virus, complete genome",0,167,0,0,0,0,0,0,96,170,170,170,170,170,170,170,170,170,170,96,0,167,170,96,96,70,170,96,167,167,170,170,170,170,170,96,170,96,74,74,386,171,167,167,167,167,167,96,96,167,0,0,96,0,167,170,163,145,239,96,170,70,0,70,70,167,96,96,171,170,0,167,74,167,245,167,0,0,171,96,0,0,171,96,170,245,96,74,170,170,170,96,0,96,0,0,96,241,245,70,0,74,170,316,70,70,70,70,167,96,96,241,96,242,170,167,0,170,170,74,170,170,96,96,167,96,170,170,75,167,0,96,241,149,70,75,0,170
"gi|33354433|ref|NC_004994.2| Enzootic nasal tumour virus of goats, complete genome",0,641,0,0,0,0,0,0,239,235,239,239,239,239,239,239,239,239,239,239,0,239,239,239,239,0,239,239,239,427,239,239,239,231,239,239,239,239,0,0,171,1102,427,239,239,453,239,239,239,239,0,0,239,0,239,209,276,83,165,239,239,0,0,0,0,453,239,239,1092,216,0,239,0,435,640,239,0,0,462,216,0,0,1094,239,186,274,239,0,239,222,239,239,0,239,0,0,239,239,186,0,0,0,239,299,0,0,0,0,427,239,239,435,239,182,239,239,0,239,239,0,239,203,239,239,239,239,239,453,89,239,0,239,239,109,0,249,0,239
"gi|9634977|ref|NC_002201.1| Equine foamy virus, complete genome",0,1091,259,0,0,0,0,0,253,567,506,572,596,576,554,603,607,598,536,493,0,1407,598,607,583,0,530,733,927,1489,724,726,262,416,589,534,667,285,204,201,167,427,1821,1185,969,1007,1070,253,529,905,215,0,460,225,697,417,88,0,90,532,661,0,0,0,0,914,720,717,445,428,0,922,201,1085,322,909,235,152,590,518,107,219,473,733,390,106,1015,252,533,222,477,263,215,241,214,0,1047,693,173,0,0,0,401,212,0,0,0,0,1466,678,733,527,655,184,646,1047,0,268,712,310,568,526,582,521,1142,1098,531,310,0,1474,78,733,1078,0,145,0,0,688
"gi|9626530|ref|NC_001450.1| Equine infectious anemia virus, complete genome",0,898,259,0,0,0,0,0,462,768,753,819,843,823,801,850,854,845,783,740,0,1185,827,818,583,0,777,909,1149,899,909,909,262,642,836,781,889,285,451,426,167,239,1185,1432,1182,899,1184,253,776,1127,215,0,460,454,944,664,88,0,161,779,890,0,0,0,0,1130,909,909,250,675,0,1144,427,899,322,1131,235,152,821,749,107,219,276,909,614,106,1157,499,764,469,724,263,215,241,214,0,1157,898,173,0,0,247,376,212,0,0,0,0,1146,879,909,527,654,184,893,1184,0,268,909,533,775,736,829,768,899,1157,778,310,0,1185,158,909,899,0,145,0,0,909
"gi|189009869|ref|NC_010738.1| Eupatorium vein clearing virus, complete genome",0,1026,508,0,0,0,0,0,462,1106,1030,1111,1163,1134,1132,1183,1179,1160,1088,1054,0,1358,1101,1154,824,0,1030,1351,1544,1074,1253,1351,262,835,1147,1069,1273,285,696,628,167,239,969,1182,1635,1010,1635,253,1097,1522,215,0,460,669,1223,902,88,0,233,1048,1216,0,0,0,0,1188,1229,1257,250,915,0,1547,631,1038,322,1545,235,152,1028,1032,107,219,276,1346,826,187,1331,771,764,729,1017,263,215,241,214,0,1350,1315,173,0,0,481,744,212,0,0,0,0,1034,1201,1263,527,957,261,1155,1635,0,268,1229,863,1120,1048,1124,1075,1074,1034,1029,528,0,1041,158,1325,757,0,145,0,0,1266
"gi|9629925|ref|NC_001871.1| Feline foamy virus, complete genome",0,1014,249,0,0,0,0,0,253,545,525,581,622,589,581,634,633,607,563,545,0,1332,548,593,543,0,491,726,931,1332,692,726,262,424,599,541,668,285,233,202,167,453,1007,899,1010,1617,1044,253,536,922,0,0,245,215,728,442,88,0,162,523,672,0,0,0,0,917,668,696,468,456,0,949,204,1332,322,941,0,0,541,471,0,0,502,726,398,268,1008,242,326,466,504,263,0,241,0,0,1014,984,98,0,0,231,682,299,0,0,0,0,1017,640,702,527,673,261,601,1044,0,268,668,302,557,487,572,541,1332,699,557,744,0,1017,0,726,1017,0,0,0,0,705
"gi|9626701|ref|NC_001482.1| Feline immunodeficiency virus, complete genome",0,1131,508,0,0,0,0,0,462,1223,1030,1125,1187,1144,1184,1235,1231,1206,1110,1079,0,1489,1121,1212,824,0,1030,1507,1555,1159,1344,1452,262,835,1169,1069,1314,285,696,628,167,239,1070,1184,1635,1044,1844,253,1109,1571,215,0,460,669,1223,902,88,0,233,1048,1230,0,0,0,0,1188,1307,1381,250,915,0,1570,631,1100,322,1568,235,152,1028,1056,107,219,276,1479,826,187,1459,776,764,729,1030,263,215,241,214,0,1481,1354,173,0,0,481,767,212,0,0,0,0,1162,1297,1367,527,960,261,1163,1747,0,268,1309,941,1221,1132,1140,1079,1159,1181,1029,528,0,1180,158,1452,823,0,145,0,0,1323
"gi|9630707|ref|NC_001940.1| Feline leukemia virus, complete genome",515,253,210,0,0,154,0,89,977,235,253,253,253,253,253,253,253,253,253,253,174,253,253,253,253,531,253,253,253,253,253,253,463,231,253,253,253,994,0,0,96,239,253,253,253,253,253,1220,245,253,950,0,723,0,253,209,88,98,90,253,253,186,741,741,741,253,253,253,250,216,736,253,0,253,253,253,962,493,253,216,221,727,253,253,186,106,253,210,253,222,241,463,515,1198,945,421,253,253,98,206,0,0,253,121,741,531,741,741,253,253,253,253,253,106,253,253,760,994,253,0,242,203,253,253,253,253,253,253,167,253,0,253,253,93,285,662,0,253
"gi|386522853|ref|NC_017830.1| Fig badnavirus 1, complete genome",0,534,508,63,123,211,201,91,454,1099,1003,1049,1088,1081,1099,1097,1094,1095,1057,1265,0,820,1052,1324,982,0,1019,1324,1075,536,1108,1109,245,835,1086,1032,1057,245,696,628,96,239,529,776,1097,536,1109,245,1324,1063,215,148,460,669,1008,902,88,0,233,1035,1079,0,0,0,0,743,1092,1109,245,915,214,1063,631,536,245,1074,235,152,939,1038,107,219,245,1324,826,187,1109,776,683,944,1029,245,215,241,214,205,1109,813,251,0,215,696,516,121,0,0,0,0,534,1324,1109,245,1035,259,1039,1101,0,245,1106,864,1106,1060,1074,1060,536,818,966,463,0,529,254,1324,245,0,145,0,134,1109
"gi|20143424|ref|NC_003554.1| Figwort mosaic virus, complete genome",0,1011,508,0,0,0,0,0,462,1067,1030,1125,1162,1124,1112,1163,1170,1154,1103,1063,0,1329,1078,1111,804,0,1017,1348,1533,1123,1234,1415,262,835,1146,1069,1306,285,696,628,167,239,905,1127,1522,922,1571,253,1063,1687,215,0,460,669,1223,902,88,0,233,1035,1214,0,0,0,0,1175,1200,1217,250,915,0,1543,631,948,322,1556,235,152,1028,1015,107,219,276,1300,826,187,1285,776,764,729,1030,263,215,241,214,0,1347,1292,173,0,0,481,773,212,0,0,0,0,1045,1176,1240,527,897,261,1147,1665,0,268,1203,832,1074,1035,1126,1070,1123,1122,1029,528,0,1116,158,1279,769,0,145,0,0,1231
"gi|9626096|ref|NC_001362.1| Friend murine leukemia virus, complete genome",515,0,444,0,0,154,0,89,717,215,215,215,215,215,215,215,215,215,215,215,174,215,215,215,215,544,215,215,215,0,215,215,229,185,215,215,215,773,204,201,0,0,215,215,215,0,215,950,215,215,1204,0,687,215,215,208,0,98,0,215,215,186,773,773,773,215,215,215,0,212,732,215,201,0,0,215,1173,645,215,215,328,935,0,215,204,0,215,425,207,0,215,217,723,978,1188,421,215,0,75,206,0,0,0,0,773,544,773,773,0,215,215,0,215,0,215,215,760,773,215,215,215,215,215,215,0,215,215,0,167,215,78,215,0,93,430,664,0,215
"gi|9626154|ref|NC_001403.1| Fujinami sarcoma virus, complete genome",304,0,154,125,343,307,459,277,0,0,0,0,0,0,0,0,0,0,0,148,85,0,0,148,302,0,0,148,0,0,0,0,0,0,0,154,0,0,0,154,0,0,0,0,0,0,0,0,148,0,0,752,154,154,0,0,0,0,0,154,0,89,0,0,0,0,154,154,0,0,148,0,154,0,0,0,0,150,0,154,199,159,0,148,0,0,0,0,0,148,0,304,309,0,0,307,0,0,78,90,457,302,0,0,0,0,0,0,0,148,154,0,148,76,0,0,159,0,0,0,0,0,0,0,0,0,0,0,86,0,96,148,0,0,0,0,520,0
"gi|312839924|ref|NC_001885.2| Gibbon ape leukemia virus, complete genome",533,245,423,0,100,154,152,172,723,450,460,460,460,460,460,460,460,460,460,460,174,460,460,460,668,478,460,460,460,245,460,460,245,416,460,668,460,723,204,385,96,239,460,460,460,245,460,723,460,460,687,154,1146,423,460,417,88,98,90,668,460,186,478,478,478,460,668,668,245,428,476,460,385,245,245,460,693,503,460,619,327,693,245,460,390,106,460,215,452,222,456,453,693,719,684,421,460,245,173,206,0,208,245,121,478,478,478,478,245,460,668,245,460,106,460,460,416,723,460,215,457,418,460,460,245,460,460,245,89,460,78,460,245,93,430,225,124,460
"gi|394743638|ref|NC_018105.1| Gooseberry vein banding virus, complete genome",173,229,667,0,221,190,334,83,209,669,669,669,669,669,669,669,669,669,669,669,0,440,669,669,666,0,669,669,669,215,669,669,0,604,669,896,669,0,648,812,0,0,225,454,669,215,669,0,669,669,215,154,423,1111,669,652,0,0,143,879,669,0,0,0,0,454,896,896,0,656,208,669,815,215,0,669,225,152,661,857,206,219,0,669,640,81,669,669,436,444,669,210,215,0,214,189,669,444,75,0,215,667,215,0,0,0,0,0,229,669,896,0,440,77,669,669,0,0,669,669,669,669,884,884,215,454,667,215,0,225,158,669,0,0,145,0,124,669
"gi|827047348|ref|NC_027131.1| Grapevine roditis leaf discoloration-associated virus complete genome, isolate w4",0,718,486,0,0,0,0,0,462,998,1012,1024,1030,1030,1030,1030,1030,1030,1030,1019,0,965,1016,1030,745,0,986,1030,1223,728,1030,1030,262,835,1030,1021,1019,267,695,628,167,239,697,944,1223,728,1223,253,1008,1223,215,0,460,669,1223,902,88,0,233,1011,1030,0,0,0,0,938,1030,1030,250,915,0,1223,631,728,267,1223,235,152,942,966,107,219,267,1030,826,187,1030,737,705,724,998,263,215,241,214,0,1030,986,173,0,0,481,535,212,0,0,0,0,718,1030,1030,460,772,261,994,1223,0,267,1030,763,1005,966,1027,1027,728,762,988,485,0,697,158,1030,460,0,145,0,0,1030
"gi|500998680|ref|NC_015784.2| Grapevine vein-clearing virus, complete genome",0,461,441,0,0,0,0,0,418,1125,1115,1125,1108,1122,1125,1125,1125,1125,1125,902,0,650,1125,902,650,0,1116,902,902,442,1125,1125,416,1036,1125,902,1125,209,912,813,170,209,417,664,902,442,902,209,902,902,208,0,417,652,902,1125,88,0,313,901,1125,0,0,0,0,658,902,902,209,1120,0,902,817,442,432,902,208,152,855,902,107,208,209,902,1029,268,902,916,870,910,1115,209,208,209,208,0,902,917,248,0,0,700,665,205,0,0,0,0,461,902,902,432,650,183,1124,902,0,432,1125,916,1125,1119,902,902,442,669,1122,650,0,417,158,902,432,90,145,0,0,1125
"gi|9626714|ref|NC_001484.1| Ground squirrel hepatitis virus, complete genome",0,88,0,0,0,83,83,0,88,88,88,88,88,88,88,88,88,88,88,88,169,88,88,88,88,0,88,88,88,88,88,88,174,88,88,88,88,88,0,0,163,276,88,88,88,88,88,88,88,88,0,0,88,0,88,88,445,166,163,88,88,86,0,0,0,88,88,88,276,88,0,88,0,168,276,88,0,0,196,88,0,0,276,88,88,175,88,0,88,88,88,171,0,88,0,0,88,88,176,0,83,0,88,179,0,0,0,0,88,88,88,168,88,164,88,88,0,88,88,0,88,88,88,88,88,88,88,88,172,88,0,88,88,194,0,108,83,88
"gi|21326584|ref|NC_003977.1| Hepatitis B virus, complete genome",98,0,0,0,0,0,0,0,98,0,0,0,0,0,0,0,0,0,0,0,171,0,0,0,0,186,0,0,0,0,0,0,83,0,0,0,0,98,0,0,145,83,0,0,0,0,0,98,0,0,98,0,98,0,0,0,166,441,75,0,0,269,98,186,186,0,0,0,83,0,98,0,0,0,83,0,98,98,83,0,0,98,83,0,0,83,0,0,0,0,0,0,98,98,98,98,0,0,83,186,0,0,0,83,186,186,186,186,0,0,0,0,0,76,0,0,98,98,0,0,0,0,0,0,0,0,0,89,172,0,0,0,0,259,186,181,0,0
"gi|9626719|ref|NC_001486.1| Heron hepatitis B virus, complete genome",0,161,72,0,0,0,0,0,161,313,313,313,313,313,313,313,313,313,313,233,0,162,313,233,162,0,313,233,233,162,313,313,170,313,313,233,313,90,223,223,239,165,90,161,233,162,233,90,233,233,0,0,90,143,233,313,163,75,388,233,313,0,0,0,0,161,233,233,165,313,0,233,223,162,245,233,0,0,308,233,0,0,165,233,313,317,233,223,241,313,313,90,0,90,0,0,233,313,240,0,0,223,242,245,0,0,0,0,161,233,233,170,162,237,313,233,0,170,313,223,313,313,233,233,162,161,313,242,75,90,71,233,170,155,0,75,0,313
"gi|586929335|ref|NC_023485.1| Hibiscus bacilliform virus GD1, complete genome",173,509,718,0,100,0,152,83,462,1025,996,1024,1038,1042,1048,1046,1043,1048,1022,1006,0,797,1037,1048,983,0,1016,1048,1048,523,1048,1048,258,835,1045,1230,1032,258,688,812,96,239,532,779,1048,523,1048,253,1035,1035,215,154,668,879,1011,901,88,0,233,1258,1041,0,0,0,0,756,1258,1258,250,915,0,1039,815,523,258,1039,235,152,952,1184,206,219,258,1048,826,187,1048,745,696,717,991,468,215,241,214,0,1048,774,173,0,0,691,523,121,0,0,0,0,509,1048,1258,258,797,183,1015,1048,0,258,1048,790,1032,993,1048,1031,523,783,979,476,0,532,158,1048,258,0,145,0,124,1048
"gi|408905853|ref|NC_018858.1| Horseradish latent virus, complete genome",0,685,508,0,0,0,0,0,462,1317,1243,1378,1371,1360,1344,1431,1436,1418,1330,1062,0,939,1348,1121,810,0,1237,1230,1217,672,1494,1494,469,1078,1408,1069,1451,285,929,813,170,239,661,890,1216,672,1230,253,1079,1214,215,0,460,669,1030,1125,88,0,313,1041,1494,0,0,0,0,892,1216,1221,250,1139,0,1208,817,672,545,1214,235,152,1028,1021,107,219,276,1230,1029,268,1230,1012,995,945,1243,263,215,241,214,0,1230,1223,248,0,0,700,929,205,0,0,0,0,685,1182,1230,552,913,183,1407,1220,0,503,1455,1081,1319,1268,1130,1079,672,952,1286,756,0,661,158,1230,658,90,145,0,0,1491
"gi|658609077|ref|NC_024444.1| Horseshoe bat hepatitis B virus isolate HBHBV/GB09-403/Rhi_alc/GAB/2009, complete genome",186,0,0,0,89,176,89,176,186,0,0,0,0,0,0,0,0,0,0,0,350,0,0,0,0,279,0,0,0,0,0,0,92,0,0,0,0,186,0,0,70,0,0,0,0,0,0,186,0,0,186,89,186,0,0,0,86,269,0,0,0,460,186,279,279,0,0,0,0,0,186,0,0,0,0,0,186,186,0,0,87,275,0,0,0,0,0,0,0,0,0,0,275,186,186,275,0,0,0,279,89,0,0,0,279,279,279,279,0,0,0,0,0,0,0,0,275,186,0,0,0,0,0,0,0,0,0,0,89,0,0,0,0,184,279,99,89,0
"gi|9626453|ref|NC_001436.1| Human T-lymphotropic virus 1, complete genome",515,0,247,75,0,154,0,185,535,0,0,0,0,0,0,0,0,0,0,0,174,0,0,0,0,1189,0,0,0,0,0,0,445,0,0,0,0,1312,0,0,0,0,0,0,0,0,0,741,0,0,773,0,478,0,0,0,0,98,0,0,0,186,1625,1345,1345,0,0,0,0,0,527,0,0,0,0,0,753,493,0,0,221,514,0,0,0,0,0,210,0,0,0,217,520,801,761,421,0,0,0,301,0,0,0,0,1284,1342,1339,1324,0,0,0,0,0,0,0,0,588,862,0,0,0,0,0,0,0,0,0,0,167,0,0,0,0,93,417,706,0,0
"gi|9626726|ref|NC_001488.1| Human T-lymphotropic virus 2, complete genome",515,0,247,0,0,154,0,89,535,0,0,0,0,0,0,0,0,0,0,0,174,0,0,0,0,1255,0,0,0,0,0,0,445,0,0,0,0,1063,0,0,70,0,0,0,0,0,0,741,0,0,773,0,478,0,0,0,0,186,0,0,0,279,1345,1837,1775,0,0,0,0,0,527,0,0,0,0,0,753,493,0,0,221,514,0,0,0,0,0,210,0,0,0,217,520,801,761,421,0,0,0,411,0,0,0,0,1574,1404,1770,1626,0,0,0,0,0,0,0,0,588,862,0,0,0,0,0,0,0,0,0,0,167,0,0,0,0,93,425,706,0,0
"gi|219552908|ref|NC_011800.1| Human T-lymphotropic virus 4, complete genome",515,0,247,0,0,154,0,89,535,0,0,0,0,0,0,0,0,0,0,0,174,0,0,0,0,1255,0,0,0,0,0,0,445,0,0,0,0,1063,0,0,70,0,0,0,0,0,0,741,0,0,773,0,478,0,0,0,0,186,0,0,0,279,1345,1775,1804,0,0,0,0,0,527,0,0,0,0,0,753,493,0,0,221,514,0,0,0,0,0,210,0,0,0,217,520,801,761,421,0,0,0,411,0,0,0,0,1566,1404,1767,1626,0,0,0,0,0,0,0,0,588,862,0,0,0,0,0,0,0,0,0,0,167,0,0,0,0,93,425,706,0,0
gi|548558394|ref|NC_022518.1| Human endogenous retrovirus K113 complete genome,0,1181,257,0,0,0,0,0,462,733,747,813,830,806,778,829,836,820,777,734,0,947,792,783,559,0,754,932,1184,690,900,932,262,642,816,775,932,285,445,426,167,453,914,1130,1188,917,1188,253,743,1175,215,0,460,454,938,658,88,0,161,756,892,0,0,0,0,1438,886,883,468,669,0,1188,427,690,322,1175,235,152,821,714,107,219,502,932,614,187,932,493,764,463,718,263,215,241,214,0,932,931,173,0,0,241,434,299,0,0,0,0,931,844,906,527,625,184,867,1188,0,268,878,498,740,701,805,762,690,932,772,526,0,947,158,932,690,0,145,0,0,897
"gi|9629357|ref|NC_001802.1| Human immunodeficiency virus 1, complete genome",173,671,778,0,100,0,152,83,462,1149,1030,1117,1159,1139,1117,1166,1170,1161,1094,1056,0,998,1121,1170,1050,0,1030,1311,1213,668,1274,1276,262,835,1152,1305,1194,285,696,812,96,239,720,909,1229,668,1307,253,1092,1200,215,154,668,896,1030,902,88,0,233,1258,1216,0,0,0,0,886,1581,1578,250,915,0,1204,815,668,322,1210,235,152,1028,1244,206,219,276,1311,826,187,1311,776,764,729,1023,473,215,241,214,0,1304,951,173,0,0,704,659,121,0,0,0,0,671,1267,1578,328,935,183,1161,1265,0,268,1290,873,1131,1089,1130,1079,668,1031,1029,528,0,735,158,1301,388,0,145,0,124,1240
"gi|9628880|ref|NC_001722.1| Human immunodeficiency virus 2, complete genome",173,715,778,0,100,0,152,83,462,1223,1030,1125,1187,1144,1184,1236,1232,1206,1110,1079,0,1026,1121,1212,1050,0,1030,1395,1215,696,1328,1326,262,835,1169,1305,1214,285,696,812,96,239,717,909,1257,696,1381,253,1109,1217,215,154,668,896,1030,902,88,0,233,1258,1221,0,0,0,0,883,1578,1752,250,915,0,1203,815,696,322,1214,235,152,1028,1244,206,219,276,1393,826,187,1435,776,764,729,1030,473,215,241,214,0,1365,953,173,0,0,704,656,121,0,0,0,0,715,1299,1621,328,960,183,1163,1293,0,268,1309,942,1209,1132,1140,1079,696,1088,1029,528,0,732,158,1376,385,0,145,0,124,1310
"gi|9626914|ref|NC_001494.1| Jaagsiekte sheep retrovirus, complete genome",0,663,0,0,0,0,0,0,250,235,250,250,250,250,250,250,250,250,250,250,0,250,250,250,250,0,250,250,250,445,250,250,250,231,250,250,250,250,0,0,171,1092,445,250,250,468,250,250,245,250,0,0,245,0,250,209,276,83,165,250,250,0,0,0,0,468,250,250,1116,216,0,250,0,448,653,250,0,0,473,216,0,0,1116,250,186,274,250,0,250,222,241,250,0,241,0,0,250,250,186,0,0,0,250,299,0,0,0,0,445,250,250,448,250,182,250,250,0,250,250,0,242,203,250,250,250,250,250,466,89,250,0,250,250,109,0,249,0,250
"gi|27819377|ref|NC_004540.1| Kalanchoe top-spotting virus, complete genome",0,463,452,0,0,0,0,0,425,1139,1128,1139,1121,1135,1139,1139,1139,1139,1139,915,0,668,1139,915,668,0,1124,915,915,456,1139,1139,423,1044,1139,915,1139,216,908,813,170,216,428,675,915,456,915,216,915,915,212,0,428,656,915,1120,88,0,313,915,1139,0,0,0,0,669,915,915,216,1139,0,915,817,456,439,915,212,152,866,915,107,212,216,915,1029,268,915,923,878,919,1128,216,212,216,212,0,915,927,248,0,0,697,680,205,0,0,0,0,463,915,915,440,668,183,1131,915,0,440,1139,923,1139,1126,915,915,456,675,1139,658,0,428,158,915,440,90,145,0,0,1139
"gi|521967815|ref|NC_021704.1| Koala retrovirus isolate Br2-1CETTG, complete genome",360,0,0,63,244,555,383,180,721,0,0,0,0,0,0,0,0,0,0,214,174,0,0,214,214,527,0,214,0,0,0,0,0,0,0,0,0,527,0,0,0,0,0,0,0,0,0,736,214,0,732,148,476,208,0,0,0,98,0,0,0,186,527,527,527,0,0,0,0,0,1158,0,0,0,0,0,732,351,0,0,121,717,0,214,0,0,0,0,0,214,0,0,512,736,730,815,0,0,78,206,422,214,0,0,527,527,527,527,0,214,0,0,214,76,0,0,588,527,0,0,0,0,208,208,0,0,0,0,89,0,96,214,0,93,285,432,134,0
"gi|189009862|ref|NC_010737.1| Lamium leaf distortion associated virus, complete genome",0,992,508,0,0,0,0,0,462,1053,1030,1105,1149,1125,1098,1149,1156,1140,1082,1046,0,1303,1082,1103,808,0,1021,1318,1529,1038,1220,1318,262,835,1135,1064,1278,285,696,628,167,239,922,1144,1547,949,1570,253,1063,1543,215,0,460,669,1223,902,88,0,233,1039,1208,0,0,0,0,1188,1204,1203,250,915,0,1574,631,975,322,1561,235,152,1028,1007,107,219,276,1286,826,187,1271,765,764,729,1011,263,215,241,214,0,1318,1302,173,0,0,481,771,212,0,0,0,0,1026,1164,1226,527,915,261,1137,1574,0,268,1198,818,1060,1021,1108,1069,1038,1036,1029,528,0,1021,158,1265,756,0,145,0,0,1217
"gi|148839269|ref|NC_009568.1| Lucky bamboo bacilliform virus, complete genome",173,226,589,0,100,0,152,83,209,817,817,817,817,817,817,817,817,817,817,631,0,405,817,631,589,0,817,631,631,204,817,817,186,790,817,815,817,0,817,997,74,0,201,427,631,204,631,0,631,631,201,154,385,815,631,817,0,0,223,815,817,0,0,0,0,427,815,815,0,817,0,631,1001,204,186,631,201,152,631,815,206,201,0,631,815,162,631,817,613,616,817,184,201,0,201,0,631,616,150,0,0,800,390,84,0,0,0,0,226,631,815,186,405,77,817,631,0,186,817,817,817,817,631,631,204,427,817,390,0,201,158,631,186,90,145,0,124,817
"gi|189909151|ref|NC_010819.1| Macaque simian foamy virus, complete genome",0,829,249,0,0,0,0,0,253,545,525,581,622,589,581,634,633,607,563,545,0,1470,548,593,543,0,491,771,957,1558,692,771,262,424,599,541,694,285,233,202,167,435,1085,899,1038,1332,1100,253,536,948,0,0,245,215,728,442,168,0,162,523,672,0,0,0,0,690,668,696,448,456,0,975,204,1894,526,967,0,0,541,471,0,0,483,771,398,187,1040,242,326,466,504,263,0,241,0,0,1067,1010,98,0,0,231,708,212,0,0,0,0,1176,640,702,727,673,261,601,1091,0,268,668,302,566,487,572,541,1558,778,557,528,0,1201,0,771,1105,0,0,0,0,705
"gi|9627210|ref|NC_001550.1| Mason-Pfizer monkey virus, complete genome",0,322,214,0,0,0,0,0,253,458,485,542,528,528,503,545,545,545,511,261,0,322,517,285,302,0,470,322,322,322,545,545,469,454,541,282,545,285,407,185,245,640,322,322,322,322,322,253,245,322,0,0,245,0,267,432,276,83,245,258,545,0,0,0,0,322,322,322,653,439,0,322,186,526,1168,322,0,0,527,216,0,0,685,322,389,274,322,223,545,438,454,263,0,241,0,0,322,545,261,0,0,219,545,296,0,0,0,0,322,322,322,945,536,182,545,322,0,491,545,223,465,426,307,264,322,322,531,533,89,322,0,322,759,199,0,205,0,545
"gi|21450043|ref|NC_004036.1| Mirabilis mosaic virus, complete genome",0,985,508,0,0,0,0,0,462,1064,1030,1111,1160,1131,1109,1160,1167,1149,1088,1054,0,1302,1082,1114,808,0,1021,1336,1526,1037,1231,1336,262,835,1141,1069,1284,285,696,628,167,239,909,1131,1545,941,1568,253,1074,1556,215,0,460,669,1223,902,88,0,233,1039,1214,0,0,0,0,1175,1210,1214,250,915,0,1561,631,967,322,1579,235,152,1028,1013,107,219,276,1297,826,187,1282,771,764,729,1017,263,215,241,214,0,1336,1295,173,0,0,481,776,212,0,0,0,0,1019,1175,1237,527,920,261,1143,1579,0,268,1209,829,1071,1029,1114,1075,1037,1049,1029,528,0,1015,158,1276,750,0,145,0,0,1228
"gi|9626958|ref|NC_001501.1| Moloney murine leukemia virus, complete genome",515,0,458,0,0,154,0,89,728,235,234,235,235,235,235,235,235,235,235,232,174,235,235,235,235,530,235,235,235,0,235,235,223,185,235,235,235,753,204,201,0,0,235,235,235,0,235,962,235,235,1173,0,693,225,235,208,0,98,0,235,235,186,753,753,753,235,235,235,0,212,732,235,201,0,0,235,1224,645,235,235,328,949,0,235,204,0,235,445,207,0,235,217,734,964,1167,421,235,0,75,206,0,0,0,0,753,530,753,753,0,235,235,0,235,0,235,235,760,753,235,235,235,235,235,235,0,235,223,0,167,235,78,235,0,93,430,679,0,235
"gi|9626962|ref|NC_001502.1| Moloney murine sarcoma virus, complete genome",638,0,294,0,0,154,0,89,351,152,152,152,152,152,152,152,152,152,152,152,174,152,152,152,152,351,152,152,152,0,152,152,142,152,152,152,152,493,152,152,0,0,152,152,152,0,152,493,152,152,645,150,503,152,152,152,0,98,0,152,152,186,493,493,493,152,152,152,0,152,351,152,152,0,0,152,645,800,152,152,428,503,0,152,152,0,152,294,152,0,152,297,658,493,645,351,152,0,75,296,155,0,0,0,493,351,493,493,0,152,152,0,152,0,152,152,493,493,152,152,152,152,152,152,0,152,152,0,253,152,78,152,0,93,430,294,131,152
"gi|9626965|ref|NC_001503.1| Mouse mammary tumor virus, complete genome",0,565,463,0,0,0,0,0,462,929,944,1010,1026,1002,974,1025,1028,1016,974,931,0,797,988,979,765,0,950,1028,1028,541,1028,1028,262,835,1012,972,1028,285,642,628,171,462,590,821,1028,541,1028,253,939,1028,215,0,460,661,942,855,196,83,308,952,1028,0,0,0,0,821,1028,1028,473,866,0,1028,631,541,527,1028,235,152,1251,910,107,219,499,1028,821,274,1028,690,764,660,915,263,215,241,214,0,1028,772,261,0,0,438,541,212,0,0,0,0,565,1028,1028,328,797,259,1028,1028,0,268,1028,694,936,897,1001,958,541,821,969,517,89,590,158,1028,334,109,145,223,0,1028
"gi|745998795|ref|NC_026020.1| Mulberry badnavirus 1 sequence for polyprotein, mp, cp, rnase h, rt regions, isolate Lebanon34",173,499,696,0,100,0,152,83,425,1056,974,1007,1018,1022,1028,1026,1023,1030,1002,986,0,773,1041,1056,926,0,990,1056,1028,471,1056,1056,216,820,1025,1187,1020,216,696,812,96,216,518,749,1032,471,1056,216,1038,1015,215,154,619,857,966,902,88,0,233,1184,1021,0,0,0,0,714,1244,1244,216,915,0,1007,815,471,216,1013,235,152,910,1244,206,219,216,1056,826,187,1056,776,654,723,990,404,215,216,214,0,1056,754,173,0,0,669,471,121,0,0,0,0,499,1056,1244,216,758,183,1008,1054,0,216,1056,840,1056,1043,1029,1009,471,801,937,434,0,518,158,1056,216,0,145,0,124,1043
"gi|9626984|ref|NC_001506.1| Murine osteosarcoma virus, complete genome",420,0,306,0,99,121,99,172,121,107,107,107,107,107,107,107,107,107,107,107,86,107,107,107,206,121,107,107,107,0,107,107,100,107,107,206,107,221,107,206,0,0,107,107,107,0,107,221,107,107,328,199,327,206,107,107,0,0,0,206,107,87,221,221,221,107,206,206,0,107,121,107,206,0,0,107,328,428,107,206,527,228,0,107,107,0,107,207,107,0,107,299,328,221,328,121,107,0,75,184,100,99,0,0,221,121,221,221,0,107,206,0,107,0,107,107,221,221,107,107,107,107,107,107,0,107,107,0,164,107,78,107,0,0,228,100,199,107
"gi|9628654|ref|NC_001702.1| Murine type C retrovirus, complete genome",360,0,219,0,120,366,212,192,722,219,219,219,219,219,219,219,219,219,219,219,259,219,219,219,219,514,219,219,219,0,219,219,0,185,219,219,219,514,204,201,0,0,219,219,219,0,219,727,219,219,935,159,693,219,219,208,0,98,0,219,219,275,514,514,514,219,219,219,0,212,717,219,201,0,0,219,949,503,219,219,228,1161,0,219,204,0,219,219,207,0,219,0,932,730,929,633,219,0,75,206,212,0,0,0,514,514,514,514,0,219,219,0,219,0,219,219,761,514,219,219,219,219,219,219,0,219,219,0,89,219,78,219,0,93,430,445,131,219
"gi|66576233|ref|NC_007015.1| Ovine enzootic nasal tumour virus, complete genome",0,699,0,0,0,0,0,0,253,235,272,276,276,276,276,276,276,276,276,261,0,276,276,276,276,0,256,276,276,473,276,276,262,231,276,276,276,276,0,0,171,1094,473,276,276,502,276,253,245,276,0,0,245,0,267,209,276,83,165,258,276,0,0,0,0,502,276,276,1116,216,0,276,0,483,685,276,0,0,499,216,0,0,1163,276,186,274,276,0,276,222,241,263,0,241,0,0,276,276,186,0,0,0,276,299,0,0,0,0,473,276,276,476,276,182,276,276,0,268,276,0,242,203,276,264,276,276,276,492,89,276,0,276,276,109,0,249,0,276
"gi|9627001|ref|NC_001511.1| Ovine lentivirus, complete genome",0,804,508,63,123,211,201,91,462,1223,1030,1125,1187,1144,1184,1238,1241,1206,1110,1309,0,1140,1121,1523,1049,0,1030,1846,1298,811,1354,1441,262,835,1169,1069,1297,285,696,628,96,239,733,909,1346,726,1479,253,1324,1300,215,148,460,669,1030,902,88,0,233,1048,1230,0,0,0,0,932,1311,1393,250,915,214,1286,631,771,322,1297,235,152,1028,1056,107,219,276,1853,826,187,1472,776,764,944,1030,263,215,241,214,205,1453,1036,251,0,254,706,739,121,0,0,0,0,807,1589,1377,328,1249,259,1163,1389,0,268,1309,951,1231,1132,1140,1079,811,1174,1029,528,0,815,254,1807,468,0,145,0,134,1326
"gi|655454939|ref|NC_024301.1| Pagoda yellow mosaic associated virus strain pymav-01, complete genome",0,410,416,0,0,0,0,0,395,1029,1029,1029,1029,1029,1029,1029,1029,1029,1029,826,0,602,1029,826,602,0,1029,826,826,398,1029,1029,389,991,1029,826,1029,186,843,812,170,186,390,614,826,398,826,186,826,826,204,0,390,640,826,1029,88,0,313,826,1029,0,0,0,0,614,826,826,186,1029,0,826,815,398,389,826,204,152,821,826,107,204,186,826,1029,268,826,843,817,825,1029,186,204,186,204,0,826,825,248,0,0,639,601,205,0,0,0,0,410,826,826,389,602,183,1029,826,0,389,1029,843,1029,1029,826,826,398,614,1029,601,0,390,158,826,389,90,145,0,0,1029
"gi|372220275|ref|NC_016561.1| Parrot hepatitis B virus, complete genome",0,187,81,0,0,0,0,0,106,268,268,268,268,268,268,268,268,268,268,187,0,187,268,187,187,0,268,187,187,187,268,268,187,268,268,187,268,106,162,162,245,274,106,106,187,268,187,106,187,187,0,0,106,81,187,268,175,83,317,187,268,0,0,0,0,187,187,187,274,268,0,187,162,187,274,187,0,0,274,187,0,0,274,187,268,436,187,162,187,268,268,106,0,106,0,0,187,268,260,0,0,162,268,355,0,0,0,0,106,187,187,187,187,259,268,187,0,187,268,162,268,268,187,187,187,106,268,349,87,106,0,187,187,168,0,87,0,268
"gi|9627957|ref|NC_001634.1| Peanut chlorotic streak virus, complete genome",0,784,508,0,0,0,0,0,462,1223,1030,1125,1187,1144,1184,1237,1233,1206,1110,1079,0,1386,1121,1212,824,0,1030,1474,1283,1056,1346,1404,262,835,1169,1069,1282,285,696,628,96,239,1015,1157,1331,1008,1459,253,1109,1285,215,0,460,669,1030,902,88,0,233,1048,1230,0,0,0,0,932,1311,1435,250,915,0,1271,631,1040,322,1282,235,152,1028,1056,107,219,276,1472,826,187,1796,776,764,729,1030,263,215,241,214,0,1720,1021,173,0,0,481,724,121,0,0,0,0,1066,1299,1377,328,960,183,1163,1371,0,268,1309,943,1220,1132,1140,1079,1056,1439,1029,528,0,1082,158,1449,735,0,145,0,0,1325
"gi|259120461|ref|NC_013262.1| Pelargonium vein banding virus, complete genome",155,282,704,0,0,0,0,0,209,1012,960,1012,982,996,1004,1012,1012,1012,1000,756,0,494,999,776,493,0,966,776,776,242,1012,1012,417,840,1012,770,1012,210,929,813,74,0,252,499,771,242,776,210,776,776,425,0,215,669,737,916,0,0,223,745,1012,0,210,210,210,493,776,776,0,923,0,765,817,242,223,771,445,294,690,776,207,219,0,776,843,162,776,1222,669,721,973,210,215,210,424,0,776,760,150,0,0,700,478,84,210,0,210,210,282,776,776,224,494,77,1002,775,172,445,1012,1012,1012,1005,776,775,242,534,950,446,78,252,158,776,236,90,145,210,0,1012
"gi|14575752|ref|NC_001839.2| Petunia vein clearing virus, complete genome",0,557,207,0,0,0,0,0,462,904,923,988,970,966,946,995,995,991,954,699,0,533,963,723,509,0,908,764,764,326,995,995,469,873,987,720,995,285,666,611,170,239,533,764,764,326,764,253,683,764,207,0,452,436,705,870,88,0,241,696,995,0,0,0,0,764,764,764,250,878,0,764,613,326,545,764,207,152,764,654,107,207,276,764,817,187,764,669,1204,669,892,263,207,241,207,0,764,788,248,0,0,450,557,205,0,0,0,0,557,764,764,550,533,106,995,764,0,499,995,669,911,870,745,702,326,764,977,538,0,533,158,764,557,90,145,0,0,995
"gi|311788788|ref|NC_014648.1| Pineapple bacilliform comosus virus, complete genome",0,485,244,63,123,211,201,91,431,945,942,945,935,945,945,945,945,945,945,944,0,466,945,944,678,0,934,944,729,466,945,945,429,857,945,729,945,222,708,612,170,222,222,469,729,466,729,222,944,729,0,148,222,444,724,910,88,0,313,717,945,0,0,0,0,463,729,729,222,919,214,729,616,466,438,729,0,0,660,723,0,0,222,944,825,268,729,721,669,1160,942,222,0,222,0,205,729,945,251,0,215,912,682,205,0,0,0,0,485,944,729,438,681,259,933,729,0,438,945,723,945,926,729,729,466,485,931,656,0,222,176,944,438,90,0,0,134,945
"gi|544395671|ref|NC_022365.1| Piper yellow mottle virus strain ISH-1, complete genome",0,531,485,0,0,0,0,0,450,1237,1212,1242,1236,1240,1243,1243,1243,1243,1243,1026,0,740,1213,1030,718,0,1190,1030,1028,504,1243,1243,448,1048,1243,1012,1237,241,909,813,170,239,477,724,1017,504,1030,241,1029,1030,215,0,456,669,998,1115,88,0,313,991,1243,0,0,0,0,718,1023,1030,241,1128,0,1011,817,504,454,1017,235,152,915,990,107,219,241,1030,1029,268,1030,973,892,942,1243,241,215,241,214,0,1030,1004,248,0,0,694,717,205,0,0,0,0,531,1030,1030,454,740,183,1207,1021,0,454,1243,1002,1243,1205,1030,1021,504,767,1175,672,0,477,158,1030,454,90,145,0,0,1243
"gi|15187162|ref|NC_003059.1| Porcine endogenous retrovirus E, complete genome",518,263,427,0,100,188,331,83,253,235,263,263,263,263,263,263,263,263,263,261,83,263,263,263,473,0,256,263,263,263,263,263,479,231,263,473,263,480,0,184,96,239,263,263,263,263,263,463,245,263,217,304,453,210,263,209,171,0,90,468,263,0,217,217,217,263,473,473,250,216,0,263,184,263,263,263,217,297,263,404,299,0,263,263,186,106,263,210,263,222,241,1130,210,458,217,0,263,263,98,90,426,210,263,121,217,0,217,217,263,263,473,263,263,106,263,263,172,480,263,0,242,203,263,263,263,263,263,263,254,263,0,263,263,0,0,217,388,263
"gi|339276104|ref|NC_007815.2| PreXMRV-1 provirus, complete genome",550,0,215,0,120,357,203,192,520,215,215,215,215,215,215,215,215,215,215,215,259,215,215,215,215,520,215,215,215,0,215,215,0,185,215,215,215,520,204,201,0,0,215,215,215,0,215,515,215,215,723,309,693,215,215,208,0,98,0,215,215,275,520,520,520,215,215,215,0,212,512,215,201,0,0,215,734,658,215,215,328,932,0,215,204,0,215,215,207,0,215,210,1148,520,720,624,215,0,75,296,413,0,0,0,520,520,520,520,0,215,215,0,215,0,215,215,589,520,215,215,215,215,215,215,0,215,215,0,175,215,78,215,0,93,430,231,262,215
"gi|157939612|ref|NC_009889.1| RD114 retrovirus, complete genome",515,241,218,0,0,154,0,89,981,235,241,241,241,241,241,241,241,241,241,241,174,241,241,241,241,583,241,241,241,241,241,241,459,231,241,241,241,1042,0,0,96,239,241,241,241,241,241,1198,241,241,978,0,719,0,241,209,88,98,90,241,241,186,801,801,801,241,241,241,241,216,736,241,0,241,241,241,964,493,241,216,221,730,241,241,186,106,241,210,241,222,241,458,520,1258,969,421,241,241,98,206,0,0,241,121,801,583,801,801,241,241,241,241,241,106,241,241,760,1042,241,0,241,203,241,241,241,241,241,241,167,241,0,241,241,93,285,676,0,241
"gi|9629514|ref|NC_001819.1| Rauscher murine leukemia virus, complete genome",515,0,437,0,0,154,0,89,715,214,214,214,214,214,214,214,214,214,214,214,174,214,214,214,214,538,214,214,214,0,214,214,223,185,214,214,214,761,204,201,0,0,214,214,214,0,214,945,214,214,1188,0,684,214,214,208,0,98,0,214,214,186,761,761,761,214,214,214,0,212,730,214,201,0,0,214,1167,645,214,214,328,929,0,214,204,0,214,424,207,0,214,217,720,969,1188,421,214,0,75,206,0,0,0,0,761,538,761,761,0,214,214,0,214,0,214,214,760,761,214,214,214,214,214,214,0,214,214,0,167,214,78,214,0,93,430,653,0,214
"gi|62326506|ref|NC_006934.1| Reticuloendotheliosis virus, complete genome",360,0,0,63,364,775,622,283,421,0,0,0,0,0,0,0,0,0,0,205,259,0,0,205,205,421,0,205,0,0,0,0,0,0,0,0,0,421,0,0,0,0,0,0,0,0,0,421,205,0,421,307,421,189,0,0,0,98,0,0,0,275,421,421,421,0,0,0,0,0,815,0,0,0,0,0,421,351,0,0,121,633,0,205,0,0,0,0,0,205,0,0,624,421,421,1078,0,0,78,206,657,205,0,0,421,421,421,421,0,205,0,0,205,76,0,0,577,421,0,0,0,0,189,189,0,0,0,0,89,0,96,205,0,93,285,183,265,0
"gi|9630630|ref|NC_001914.1| Rice tungro bacilliform virus, complete genome",0,781,508,0,0,0,0,0,462,1212,1030,1125,1187,1144,1171,1222,1218,1199,1110,1079,0,1475,1121,1212,824,0,1030,1500,1303,1145,1331,1461,262,835,1169,1069,1314,285,696,628,96,239,1047,1157,1350,1014,1481,253,1109,1347,215,0,460,669,1030,902,88,0,233,1048,1230,0,0,0,0,932,1304,1365,250,915,0,1318,631,1067,322,1336,235,152,1028,1056,107,219,276,1453,826,187,1720,776,764,729,1030,263,215,241,214,0,1814,1062,173,0,0,481,776,121,0,0,0,0,1129,1294,1364,328,960,183,1163,1428,0,268,1309,928,1200,1126,1140,1079,1145,1498,1029,528,0,1176,158,1429,829,0,145,0,0,1310
"gi|478755998|ref|NC_020999.1| Rose yellow vein virus strain RYVV-MN1, complete genome",0,1044,249,0,0,0,0,0,462,1049,1009,1121,1106,1096,1076,1164,1168,1150,1078,829,0,1067,1094,853,543,0,970,1062,1280,1067,1238,1342,469,893,1140,817,1272,285,725,612,241,239,693,898,1315,984,1354,253,813,1292,0,0,245,444,986,917,88,0,313,774,1223,0,0,0,0,931,951,953,250,927,0,1302,616,1010,545,1295,0,0,772,754,0,0,276,1036,825,268,1021,760,788,945,1004,263,0,241,0,0,1062,1648,173,0,0,700,1033,296,0,0,0,0,1073,914,976,751,649,261,1140,1348,0,503,1187,813,1051,1000,859,822,1067,781,1063,756,0,786,80,1015,1080,90,0,0,0,1228
"gi|48696604|ref|NC_005888.1| Ross's goose hepatitis B virus, complete genome",0,98,75,63,78,78,78,78,98,248,248,248,248,248,248,248,248,248,248,251,0,173,248,251,251,0,248,251,173,98,248,248,173,248,248,173,248,98,150,150,245,186,173,173,173,98,173,98,251,173,75,78,173,75,173,248,176,83,240,173,248,0,0,0,0,173,173,173,186,248,78,173,150,98,261,173,75,75,261,173,75,75,186,251,248,260,173,150,248,251,248,98,75,98,75,78,173,173,414,0,78,153,173,261,0,0,0,0,98,251,173,173,251,250,248,173,0,173,248,150,248,248,173,173,98,173,248,173,88,173,153,251,173,163,75,88,78,248
"gi|658609068|ref|NC_024443.1| Roundleaf bat hepatitis B virus isolate RBHBV/GB09-256/Hip_rub/GAB/2009, complete genome",296,0,0,0,0,94,0,89,206,0,0,0,0,0,0,0,0,0,0,0,174,0,0,0,0,411,0,0,0,0,0,0,95,0,0,0,0,206,0,0,70,0,0,0,0,0,0,206,0,0,206,90,206,0,0,0,0,186,0,0,0,279,301,411,411,0,0,0,0,0,206,0,0,0,0,0,206,296,0,0,184,206,0,0,0,0,0,0,0,0,0,90,296,206,206,206,0,0,0,501,90,0,0,0,411,411,411,411,0,0,0,0,0,0,0,0,206,206,0,0,0,0,0,0,0,0,0,0,175,0,0,0,0,93,316,207,90,0
"gi|9626196|ref|NC_001407.1| Rous sarcoma virus, complete genome",190,0,0,63,364,816,801,194,0,0,0,0,0,0,0,0,0,0,0,230,168,0,0,254,225,0,0,254,0,0,0,0,0,0,0,0,0,0,0,0,0,0,0,0,0,0,0,0,215,0,0,457,0,215,0,0,83,0,0,0,0,89,0,0,0,0,0,0,0,0,422,0,0,0,0,0,0,155,0,0,100,212,0,254,0,0,0,0,0,215,0,426,413,0,0,657,0,0,78,90,1214,225,0,0,0,0,0,0,0,254,0,0,254,76,0,0,173,0,0,0,0,0,227,227,0,0,0,0,176,0,96,254,0,0,0,0,529,0
"gi|749717044|ref|NC_026238.1| Rubus yellow net virus strain Baumforth's Seedling A, complete genome",173,250,454,63,223,211,353,174,209,700,694,700,687,700,700,700,700,700,700,706,0,231,700,706,679,0,695,706,481,231,700,700,207,638,700,704,700,0,700,796,74,0,0,247,481,231,481,0,696,481,0,302,208,667,481,700,0,0,223,691,700,0,0,0,0,241,704,704,0,697,214,481,800,231,219,481,0,0,438,669,99,0,0,706,639,162,481,700,450,912,694,210,0,0,0,205,481,700,153,0,225,1148,450,84,0,0,0,0,250,706,704,219,456,153,700,481,0,219,700,700,700,700,481,481,231,250,699,437,0,0,176,706,219,90,0,0,258,700
"gi|221048143|ref|NC_011920.1| Rudbeckia flower distortion virus, complete genome",0,465,249,0,0,0,0,0,253,752,738,834,809,799,779,867,871,853,787,532,0,776,816,556,543,0,705,776,741,776,941,1044,469,667,843,541,985,285,466,387,170,239,401,376,744,682,767,253,516,773,0,0,245,215,535,665,88,0,242,523,929,0,0,0,0,434,659,656,250,680,0,771,390,708,545,776,0,0,541,471,0,0,276,739,601,268,724,478,557,682,717,263,0,241,0,0,776,1033,173,0,0,450,1593,205,0,0,0,0,499,617,679,552,639,183,855,776,0,503,890,516,754,703,572,535,776,505,814,756,0,505,0,718,773,90,0,0,0,931
"gi|48696569|ref|NC_005890.1| Sheldgoose hepatitis B virus, complete genome",0,299,0,0,0,0,0,0,121,205,205,205,205,205,205,205,205,205,205,121,0,212,205,121,121,0,205,121,212,212,205,205,205,205,205,121,205,121,84,84,316,299,212,212,212,299,212,121,121,212,0,0,121,0,212,205,179,83,245,121,205,0,0,0,0,299,121,121,299,205,0,212,84,212,296,212,0,0,212,121,0,0,299,121,205,355,121,84,205,205,205,121,0,121,0,0,121,296,261,0,0,84,205,474,0,0,0,0,212,121,121,296,121,260,205,212,0,205,205,84,205,205,121,121,212,121,205,292,89,212,0,121,296,175,0,91,0,205
"gi|212499466|ref|NC_011546.1| Simian T-cell lymphotropic virus 6, complete genome",515,0,247,0,0,154,0,89,535,0,0,0,0,0,0,0,0,0,0,0,174,0,0,0,0,1207,0,0,0,0,0,0,445,0,0,0,0,1005,0,0,70,0,0,0,0,0,0,741,0,0,773,0,478,0,0,0,0,186,0,0,0,279,1284,1574,1566,0,0,0,0,0,527,0,0,0,0,0,753,493,0,0,221,514,0,0,0,0,0,210,0,0,0,217,520,801,761,421,0,0,0,411,0,0,0,0,1574,1263,1568,1550,0,0,0,0,0,0,0,0,588,862,0,0,0,0,0,0,0,0,0,0,167,0,0,0,0,93,425,706,0,0
"gi|9632565|ref|NC_000858.1| Simian T-lymphotropic virus 1, complete genome",360,0,0,75,0,154,0,185,535,0,0,0,0,0,0,0,0,0,0,0,174,0,0,0,0,1472,0,0,0,0,0,0,209,0,0,0,0,1051,0,0,70,0,0,0,0,0,0,531,0,0,544,0,478,0,0,0,0,186,0,0,0,279,1342,1404,1404,0,0,0,0,0,527,0,0,0,0,0,530,351,0,0,121,514,0,0,0,0,0,0,0,0,0,0,520,583,538,421,0,0,0,411,0,0,0,0,1263,1702,1385,1338,0,0,0,0,0,0,0,0,416,617,0,0,0,0,0,0,0,0,0,0,89,0,0,0,0,93,557,467,0,0
"gi|9629498|ref|NC_001815.1| Simian T-lymphotropic virus 2, complete genome",515,0,247,0,0,154,0,89,535,0,0,0,0,0,0,0,0,0,0,0,174,0,0,0,0,1255,0,0,0,0,0,0,445,0,0,0,0,1063,0,0,70,0,0,0,0,0,0,741,0,0,773,0,478,0,0,0,0,186,0,0,0,279,1339,1770,1767,0,0,0,0,0,527,0,0,0,0,0,753,493,0,0,221,514,0,0,0,0,0,210,0,0,0,217,520,801,761,421,0,0,0,411,0,0,0,0,1568,1385,1785,1626,0,0,0,0,0,0,0,0,588,862,0,0,0,0,0,0,0,0,0,0,167,0,0,0,0,93,425,706,0,0
"gi|18071203|ref|NC_003323.1| Simian T-lymphotropic virus 3, complete genome",515,0,247,0,0,154,0,89,535,0,0,0,0,0,0,0,0,0,0,0,174,0,0,0,0,1235,0,0,0,0,0,0,445,0,0,0,0,1031,0,0,70,0,0,0,0,0,0,741,0,0,773,0,478,0,0,0,0,186,0,0,0,279,1324,1626,1626,0,0,0,0,0,527,0,0,0,0,0,753,493,0,0,221,514,0,0,0,0,0,210,0,0,0,217,520,801,761,421,0,0,0,411,0,0,0,0,1550,1338,1626,1626,0,0,0,0,0,0,0,0,588,862,0,0,0,0,0,0,0,0,0,0,167,0,0,0,0,93,425,706,0,0
"gi|9626103|ref|NC_001364.1| Simian foamy virus, complete genome",0,1580,0,0,0,0,0,0,462,562,543,610,633,595,609,663,683,645,587,563,0,1198,563,582,302,0,521,846,1013,1625,754,804,262,457,617,558,791,285,259,225,167,427,1466,1146,1034,1017,1162,253,534,1045,0,0,245,229,718,461,88,0,161,509,685,0,0,0,0,931,671,715,445,463,0,1026,226,1176,322,1019,0,0,565,499,0,0,473,807,410,106,1066,282,557,485,531,263,0,241,0,0,1129,1073,98,0,0,250,499,212,0,0,0,0,1995,647,717,527,368,184,654,1110,0,268,674,359,598,525,600,545,1272,1215,557,310,0,1272,80,806,1176,0,0,0,0,731
"gi|9627204|ref|NC_001549.1| Simian immunodeficiency virus, complete genome",0,647,508,63,123,211,201,91,462,1181,1030,1125,1187,1144,1149,1198,1202,1184,1110,1308,0,970,1121,1488,1049,0,1030,1589,1176,640,1260,1266,262,835,1169,1069,1170,285,696,628,96,239,678,879,1201,640,1297,253,1324,1176,215,148,460,669,1030,902,88,0,233,1048,1182,0,0,0,0,844,1267,1299,250,915,214,1164,631,640,322,1175,235,152,1028,1056,107,219,276,1589,826,187,1299,776,764,944,1030,263,215,241,214,205,1294,914,251,0,254,706,617,121,0,0,0,0,647,1589,1299,328,1216,259,1140,1237,0,268,1275,905,1163,1111,1140,1079,640,1005,1029,528,0,693,254,1581,346,0,145,0,134,1230
"gi|27311166|ref|NC_004455.1| Simian immunodeficiency virus SIV-mnd 2, complete genome",173,717,775,0,100,0,152,83,462,1189,1030,1125,1187,1144,1157,1206,1210,1192,1110,1079,0,1032,1121,1198,1050,0,1030,1377,1238,702,1324,1332,262,835,1169,1305,1237,285,696,812,96,239,733,909,1263,702,1367,253,1109,1240,215,154,668,896,1030,902,88,0,233,1258,1230,0,0,0,0,906,1578,1621,250,915,0,1226,815,702,322,1237,235,152,1028,1244,206,219,276,1377,826,187,1377,776,764,729,1030,473,215,241,214,0,1364,976,173,0,0,704,679,121,0,0,0,0,717,1299,1644,328,949,183,1163,1299,0,268,1309,913,1171,1119,1140,1079,702,1083,1029,528,0,755,158,1361,408,0,145,0,124,1291
"gi|306478704|ref|NC_014474.1| Simian retrovirus 4, complete genome",0,527,200,0,0,0,0,0,253,459,485,543,534,528,504,552,552,546,512,261,0,527,518,285,302,0,470,328,527,527,552,552,469,455,542,282,552,285,408,185,241,435,527,527,527,527,527,253,245,527,0,0,245,0,460,432,168,0,170,258,552,0,0,0,0,527,328,328,448,440,0,527,186,727,945,527,0,0,328,216,0,0,476,328,389,187,328,224,550,438,454,263,0,241,0,0,328,751,173,0,0,219,552,296,0,0,0,0,527,328,328,1151,528,184,552,527,0,492,552,224,466,427,307,264,527,328,532,534,0,527,0,328,951,90,0,0,0,552
"gi|9628892|ref|NC_001724.1| Snakehead retrovirus, complete genome",0,368,765,63,123,211,201,91,253,827,759,834,886,857,855,906,902,883,811,1007,0,960,835,1166,1049,0,765,1249,910,673,945,960,262,609,870,793,891,285,621,403,96,239,655,654,957,673,960,253,1035,897,215,148,460,440,772,650,88,0,162,797,913,0,0,0,0,625,935,960,250,668,214,915,405,673,536,920,235,152,797,758,107,219,276,1249,602,187,960,494,533,681,740,263,215,241,214,205,960,649,251,0,254,456,639,121,0,0,0,0,368,1216,949,528,1540,259,877,960,0,268,943,589,834,774,847,798,673,655,780,528,0,655,174,1249,659,0,145,0,134,960
"gi|49246207|ref|NC_005950.1| Snow goose hepatitis B virus, complete genome",0,184,77,63,76,76,76,76,106,183,183,183,183,183,183,183,183,183,183,259,0,261,183,259,259,0,183,259,261,261,183,183,106,183,183,183,183,106,77,77,242,182,184,184,261,261,261,106,259,261,0,76,106,77,261,183,164,76,237,183,183,0,0,0,0,184,183,183,182,183,76,261,77,261,182,261,0,0,259,183,0,0,182,259,183,259,183,77,106,259,183,106,0,106,0,76,183,261,250,0,76,153,183,260,0,0,0,0,184,259,183,184,259,413,183,261,0,106,183,77,183,183,183,183,261,106,183,183,76,184,76,259,184,76,0,76,76,183
"gi|402502230|ref|NC_018505.1| Soybean mild mottle pararetrovirus, complete genome",0,654,491,0,0,0,0,0,462,1275,1222,1342,1319,1313,1299,1374,1378,1369,1281,1010,0,878,1326,1079,811,0,1241,1163,1160,601,1417,1417,469,1078,1360,1042,1395,285,928,813,170,239,646,893,1155,601,1163,253,1039,1147,215,0,460,669,994,1124,88,0,313,1015,1407,0,0,0,0,867,1161,1163,250,1131,0,1137,817,601,545,1143,235,152,1028,1008,107,219,276,1163,1029,268,1163,1002,995,933,1207,263,215,241,214,0,1163,1140,248,0,0,700,855,205,0,0,0,0,654,1140,1163,552,877,183,1417,1159,0,503,1402,1039,1277,1226,1099,1034,601,931,1266,756,0,646,158,1163,623,90,145,0,0,1417
"gi|11344952|ref|NC_001739.2| Soybean chlorotic mottle virus, complete genome",0,1076,508,0,0,0,0,0,462,1142,1030,1115,1167,1138,1136,1187,1183,1164,1092,1058,0,1527,1121,1190,824,0,1030,1437,1548,1322,1289,1504,262,835,1151,1069,1289,285,696,628,167,239,1047,1184,1635,1044,1747,253,1101,1665,215,0,460,669,1223,902,88,0,233,1048,1220,0,0,0,0,1188,1265,1293,250,915,0,1574,631,1091,322,1579,235,152,1028,1054,107,219,276,1389,826,187,1371,775,764,729,1021,263,215,241,214,0,1428,1348,173,0,0,481,776,212,0,0,0,0,1110,1237,1299,527,960,261,1159,1919,0,268,1265,893,1163,1084,1128,1079,1322,1155,1029,528,0,1314,158,1368,853,0,145,0,0,1275
"gi|9626955|ref|NC_001500.1| Spleen focus-forming virus, complete genome",510,0,172,0,120,327,173,192,588,0,0,0,0,0,0,0,0,0,0,0,259,0,0,0,0,416,0,0,0,0,0,0,172,0,0,0,0,588,0,0,0,0,0,0,0,0,0,760,0,0,760,159,416,0,0,0,0,98,0,0,0,275,588,588,588,0,0,0,0,0,588,0,0,0,0,0,760,493,0,0,221,761,0,0,0,0,0,172,0,0,0,172,589,760,760,577,0,0,0,206,173,0,0,0,588,416,588,588,0,0,0,0,0,0,0,0,933,588,0,0,0,0,0,0,0,0,0,0,167,0,0,0,0,93,285,510,131,0
"gi|9627014|ref|NC_001514.1| Squirrel monkey retrovirus - HLB, complete genome",515,268,245,0,0,154,0,89,788,470,481,503,474,488,496,503,503,503,496,261,174,268,503,268,268,617,470,268,268,268,503,503,705,466,503,268,503,1130,233,185,170,239,268,268,268,268,268,994,245,268,773,0,723,0,267,432,88,98,170,258,503,186,862,862,862,268,268,268,250,440,527,268,186,268,491,268,753,493,268,216,221,514,268,268,389,187,268,445,499,438,454,480,520,1042,761,421,268,503,173,206,0,219,503,205,862,617,862,862,268,268,268,492,268,106,503,268,588,1365,503,235,477,432,268,264,268,268,503,496,167,268,0,268,503,183,285,483,0,503
"gi|9628900|ref|NC_001725.1| Strawberry vein banding virus, complete genome",0,674,508,0,0,0,0,0,462,1403,1243,1364,1384,1364,1364,1424,1428,1416,1333,1071,0,998,1360,1189,824,0,1244,1309,1210,668,1524,1526,469,1074,1403,1069,1436,285,929,813,170,239,712,909,1229,668,1309,253,1106,1203,215,0,460,669,1030,1125,88,0,313,1048,1455,0,0,0,0,878,1290,1309,250,1139,0,1198,817,668,545,1209,235,152,1028,1056,107,219,276,1309,1029,268,1309,1012,995,945,1243,263,215,241,214,0,1309,1187,248,0,0,700,890,205,0,0,0,0,674,1275,1309,552,943,183,1402,1265,0,503,1548,1131,1389,1333,1140,1079,668,1021,1268,756,0,727,158,1309,619,90,145,0,0,1490
"gi|15029533|ref|NC_003031.1| Sugarcane bacilliform IM virus, complete genome",0,359,508,0,0,0,0,0,209,1184,971,1051,1061,1056,1132,1151,1154,1129,1050,818,0,612,1072,909,522,0,988,959,830,302,1197,1162,207,847,1096,787,1072,0,929,813,74,0,310,533,863,302,941,0,864,832,215,0,215,669,763,916,0,0,223,790,1081,0,0,0,0,498,873,942,0,923,0,818,817,302,223,829,235,152,694,840,107,219,0,951,843,162,943,1012,669,723,1002,0,215,0,214,0,928,813,150,0,0,700,516,84,0,0,0,0,359,905,913,224,589,77,1039,893,0,235,1131,1427,1209,1145,833,815,302,661,966,446,0,310,158,971,245,90,145,0,0,1168
"gi|94972339|ref|NC_008017.1| Sugarcane bacilliform Mor virus, complete genome",0,598,508,0,0,0,0,0,451,1439,1213,1289,1303,1298,1374,1390,1392,1367,1292,1060,0,892,1310,1169,764,0,1230,1239,1072,566,1448,1437,449,1076,1334,1029,1312,242,929,813,170,239,568,775,1120,557,1221,242,1106,1074,215,0,457,669,1005,1125,88,0,313,1032,1319,0,0,0,0,740,1131,1209,242,1139,0,1060,817,566,465,1071,235,152,936,1056,107,219,242,1231,1029,268,1220,1012,911,945,1243,242,215,241,214,0,1200,1051,248,0,0,700,754,205,0,0,0,0,598,1163,1171,466,834,183,1277,1163,0,477,1389,1209,1489,1361,1075,1057,566,919,1204,688,0,568,158,1248,483,90,145,0,0,1410
"gi|262392379|ref|NC_013455.1| Sugarcane bacilliform virus, complete genome",0,525,508,0,0,0,0,0,412,1361,1174,1238,1258,1259,1311,1310,1307,1314,1253,1021,0,810,1259,1106,725,0,1191,1132,1033,487,1361,1344,410,1036,1283,990,1261,203,925,813,170,203,526,736,1048,487,1132,203,1060,1035,215,0,418,669,966,1119,88,0,313,993,1268,0,0,0,0,701,1089,1132,203,1126,0,1021,817,487,426,1029,235,152,897,1043,107,219,203,1132,1029,268,1132,1005,870,926,1205,203,215,203,214,0,1126,1000,248,0,0,700,703,205,0,0,0,0,525,1111,1119,427,774,183,1226,1084,0,432,1333,1145,1361,1361,1036,1018,487,848,1153,649,0,526,158,1132,432,90,145,0,0,1327
"gi|336125399|ref|NC_015655.1| Sweetpotato badnavirus A, complete genome",0,600,508,0,121,190,182,0,462,1068,1030,1113,1129,1127,1112,1137,1134,1140,1094,1051,0,847,1092,1118,818,0,1030,1140,1134,572,1140,1140,262,835,1136,1069,1123,285,696,628,96,239,582,829,1124,572,1140,253,1074,1126,215,0,460,884,1027,902,88,0,233,1048,1130,0,0,0,0,805,1130,1140,250,915,208,1108,631,572,307,1114,235,152,1001,1029,107,219,276,1140,826,187,1140,776,745,729,1030,263,215,241,214,189,1140,859,173,0,227,481,572,121,0,0,0,0,600,1140,1140,307,847,183,1099,1128,0,268,1140,833,1075,1036,1382,1309,572,875,1028,525,0,582,158,1140,307,0,145,0,0,1140
"gi|238563974|ref|NC_012728.1| Sweetpotato badnavirus B, complete genome",0,545,506,0,121,190,182,0,462,1050,1022,1060,1079,1079,1079,1079,1079,1079,1068,1051,0,798,1044,1079,762,0,1013,1079,1070,541,1079,1079,262,835,1079,1051,1059,264,696,628,96,239,521,768,1075,541,1079,253,1060,1070,215,0,460,884,1027,902,88,0,233,1031,1079,0,0,0,0,762,1079,1079,250,915,208,1069,631,541,264,1075,235,152,958,1009,107,219,264,1079,826,187,1079,775,702,729,1021,263,215,241,214,189,1079,822,173,0,227,481,535,121,0,0,0,0,545,1079,1079,264,798,183,1034,1079,0,264,1079,815,1057,1018,1309,1329,541,802,985,482,0,521,158,1079,264,0,145,0,0,1079
"gi|328545949|ref|NC_015328.1| Sweet potato caulimo-like virus, complete genome",0,857,249,0,0,0,0,0,253,545,525,581,622,589,581,634,633,607,563,545,0,1598,548,593,543,0,491,867,993,2053,692,928,262,424,599,541,742,285,233,202,167,239,1142,899,1074,1332,1159,253,536,1123,0,0,245,215,728,442,88,0,162,523,672,0,0,0,0,690,668,696,250,456,0,1038,204,1558,322,1037,0,0,541,471,0,0,276,811,398,187,1056,242,326,466,504,263,0,241,0,0,1145,1067,98,0,0,231,776,212,0,0,0,0,1272,640,702,527,673,261,601,1322,0,268,668,302,566,487,572,541,2411,1273,557,528,0,1998,0,803,1203,0,0,0,0,705
"gi|326537255|ref|NC_015228.1| Sweet potato vein clearing virus, complete genome",0,816,259,0,0,0,0,0,462,913,777,863,897,863,883,935,952,921,835,795,0,1220,867,904,583,0,795,1232,1035,923,1076,1188,262,642,888,810,1057,285,463,426,96,239,1098,1157,1034,699,1181,253,818,1122,215,0,460,454,762,669,88,0,161,783,952,0,0,0,0,932,1031,1088,250,675,0,1036,427,778,322,1049,235,152,821,801,107,219,276,1174,614,106,1439,534,764,485,767,263,215,241,214,0,1498,781,173,0,0,250,505,121,0,0,0,0,1215,1005,1083,328,655,106,931,1155,0,268,1021,661,919,848,875,802,1273,2015,780,310,0,1607,158,1148,876,0,145,0,0,1020
"gi|807743926|ref|NC_026819.1| Taro bacilliform CH virus isolate TaBCHV-1, complete genome",0,557,472,0,0,0,0,0,462,1202,1206,1282,1235,1249,1229,1286,1286,1286,1237,982,0,780,1272,1006,766,0,1177,1029,1029,557,1286,1286,469,1078,1283,1003,1272,285,919,813,170,239,531,778,1029,557,1029,253,966,1029,215,0,460,667,988,1122,88,0,313,979,1286,0,0,0,0,772,1029,1029,250,1139,0,1029,817,557,531,1029,223,152,969,937,107,219,276,1029,1029,268,1029,950,977,931,1175,263,215,241,214,0,1029,1063,248,0,0,699,814,205,0,0,0,0,557,1029,1029,532,780,183,1266,1029,0,503,1268,966,1204,1153,1028,985,557,780,1286,754,0,531,158,1029,565,90,145,0,0,1286
"gi|27228718|ref|NC_004450.1| Taro bacilliform virus, complete genome",0,526,218,0,0,0,0,0,253,681,703,756,734,746,726,756,756,756,734,479,0,528,740,503,520,0,688,528,528,528,756,756,469,652,756,500,756,285,446,387,170,453,310,310,528,744,528,253,463,528,0,0,245,215,485,650,88,89,242,476,756,0,0,0,0,526,528,528,466,658,0,528,390,528,533,528,0,0,517,434,0,0,492,528,601,349,528,446,538,656,672,263,0,241,0,0,528,756,173,0,0,437,756,292,0,0,0,0,310,528,528,534,528,183,756,528,0,496,756,446,688,649,525,482,528,310,754,1182,0,310,0,528,538,90,0,0,0,756
"gi|658609087|ref|NC_024445.1| Tent-making bat hepatitis B virus isolate TBHBV/Pan372/Uro_bil/PAN/2010, complete genome",253,0,78,0,0,90,90,0,89,0,0,0,0,0,0,0,0,0,0,0,171,0,0,0,0,89,0,0,0,0,0,0,78,0,0,0,0,167,0,0,75,89,0,0,0,0,0,167,0,0,167,86,89,0,0,0,172,172,75,0,0,89,167,167,167,0,0,0,89,0,89,0,0,0,89,0,167,253,89,0,164,89,89,0,0,87,0,78,0,0,0,254,175,167,167,89,0,0,88,175,176,0,0,89,167,89,167,167,0,0,0,0,0,76,0,0,167,167,0,0,0,0,0,0,0,0,0,0,432,0,0,0,0,178,89,256,176,0
"gi|18450263|ref|NC_003378.1| Tobacco vein clearing virus, complete genome",0,857,259,0,0,0,0,0,253,582,506,572,596,576,554,603,607,598,536,493,0,1586,598,607,583,0,530,863,999,1653,725,908,262,416,589,534,751,285,204,201,167,239,1474,1185,1041,1017,1180,253,529,1116,215,0,460,225,697,417,88,0,90,532,661,0,0,0,0,947,735,732,250,428,0,1021,201,1201,322,1015,235,152,590,518,107,219,276,815,390,106,1082,252,533,222,477,263,215,241,214,0,1176,786,173,0,0,0,505,212,0,0,0,0,1272,693,755,527,655,184,646,1314,0,268,727,310,568,526,582,521,1998,1607,531,310,0,2369,78,794,1203,0,145,0,0,688
"gi|9627732|ref|NC_001618.1| UR2 sarcoma virus, complete genome",0,80,78,127,180,96,96,91,80,158,158,158,158,158,158,158,158,158,158,254,0,78,158,254,174,0,158,254,158,0,158,158,0,158,158,158,158,0,158,158,0,0,78,158,158,0,158,0,254,158,78,96,78,158,158,158,0,0,71,158,158,0,0,0,0,158,158,158,0,158,96,158,158,0,0,158,78,78,158,158,78,78,0,254,158,0,158,158,158,176,158,0,78,0,78,96,158,80,153,0,96,176,0,0,0,0,0,0,80,254,158,0,174,76,158,158,0,0,158,158,158,158,158,158,0,158,158,0,0,78,416,254,0,78,78,0,96,158
"gi|9626546|ref|NC_001452.1| Visna/Maedi virus, complete genome",0,806,508,63,123,211,201,91,462,1222,1030,1125,1187,1144,1184,1238,1247,1206,1110,1309,0,1119,1121,1523,1049,0,1030,1823,1277,803,1367,1422,262,835,1169,1069,1276,285,696,628,96,239,733,909,1325,726,1452,253,1324,1279,215,148,460,669,1030,902,88,0,233,1048,1230,0,0,0,0,932,1301,1376,250,915,214,1265,631,771,322,1276,235,152,1028,1056,107,219,276,1807,826,187,1449,776,764,944,1030,263,215,241,214,205,1429,1015,251,0,254,706,718,121,0,0,0,0,806,1581,1361,328,1249,259,1163,1368,0,268,1309,971,1248,1132,1140,1079,803,1148,1029,528,0,794,254,1840,447,0,145,0,134,1326
"gi|9629902|ref|NC_001867.1| Walleye dermal sarcoma virus, complete genome",0,792,257,0,0,0,0,0,253,481,485,572,538,528,508,596,600,582,516,261,0,1186,571,285,302,0,470,516,725,1203,670,806,469,474,572,282,728,285,417,185,241,239,1078,899,757,1017,823,253,245,769,0,0,245,0,460,432,88,0,170,258,658,0,0,0,0,690,388,385,250,440,0,756,186,1105,759,750,0,0,334,216,0,0,276,468,389,187,735,236,557,438,454,263,0,241,0,0,829,1080,173,0,0,219,773,296,0,0,0,0,1176,346,408,951,659,184,623,853,0,503,619,245,483,432,307,264,1203,876,565,538,0,1203,0,447,1911,90,0,0,0,660
"gi|22256030|ref|NC_004107.1| Woodchuck hepatitis virus, complete genome",93,0,0,0,0,0,0,0,93,90,90,90,90,90,90,90,90,90,90,0,179,0,90,0,0,93,90,0,0,0,90,90,181,90,90,0,90,93,90,90,149,109,0,0,0,0,0,93,0,0,93,0,93,0,0,90,194,259,155,0,90,184,93,93,93,0,0,0,109,90,93,0,90,0,199,0,93,93,109,0,0,93,109,0,90,168,0,90,90,90,90,0,93,93,93,93,0,90,163,93,0,90,90,175,93,93,93,93,0,0,0,90,0,76,90,0,93,183,90,90,90,90,0,0,0,0,90,90,178,0,78,0,90,466,93,202,0,90
"gi|302585372|ref|NC_009424.4| Woolly monkey sarcoma virus, complete genome",285,0,145,75,0,151,0,185,285,145,145,145,145,145,145,145,145,145,145,145,174,145,145,145,145,557,145,145,145,0,145,145,0,145,145,145,145,417,145,145,70,0,145,145,145,0,145,285,145,145,430,0,430,145,145,145,0,186,0,145,145,279,417,425,425,145,145,145,0,145,285,145,145,0,0,145,430,430,145,145,228,430,0,145,145,0,145,145,145,0,145,0,430,285,430,285,145,0,75,316,0,0,0,0,425,557,425,425,0,145,145,0,145,0,145,145,285,285,145,145,145,145,145,145,0,145,145,0,89,145,78,145,0,93,702,134,0,145
"gi|190336491|ref|NC_010955.1| Xenopus laevis endogenous retrovirus Xen1, complete genome",326,0,239,0,0,0,0,0,452,0,0,0,0,0,0,0,0,0,0,0,88,0,0,0,0,467,0,0,0,0,0,0,445,0,0,0,0,483,0,0,75,249,0,0,0,0,0,662,0,0,664,0,225,0,0,0,108,181,75,0,0,99,706,706,706,0,0,0,249,0,432,0,0,0,205,0,679,294,223,0,100,445,249,0,0,87,0,210,0,0,0,217,231,676,653,183,0,0,88,207,0,0,0,91,706,467,706,706,0,0,0,0,0,76,0,0,510,483,0,0,0,0,0,0,0,0,0,0,256,0,0,0,0,202,134,1181,0,0
"gi|108737103|ref|NC_008094.1| Y73 sarcoma virus, complete genome",255,0,124,63,343,398,522,277,0,0,0,0,0,0,0,0,0,0,0,134,168,0,0,134,258,0,0,134,0,0,0,0,0,0,0,124,0,0,0,124,0,0,0,0,0,0,0,0,134,0,0,520,124,124,0,0,83,0,0,124,0,89,0,0,0,0,124,124,0,0,134,0,124,0,0,0,0,131,0,124,199,131,0,134,0,0,0,0,0,134,0,388,262,0,0,265,0,0,78,90,529,258,0,0,0,0,0,0,0,134,124,0,134,76,0,0,131,0,0,0,0,0,0,0,0,0,0,0,176,0,96,134,0,0,0,0,653,0
"gi|757345397|ref|NC_026472.1| Yacon necrotic mottle virus isolate YV1, complete genome",0,731,508,0,0,0,0,0,462,1403,1243,1378,1393,1364,1412,1499,1495,1466,1338,1079,0,994,1367,1177,824,0,1244,1326,1229,705,1571,1560,469,1078,1423,1069,1471,285,929,813,170,239,688,909,1266,705,1323,253,1109,1231,215,0,460,669,1030,1125,88,0,313,1048,1491,0,0,0,0,897,1240,1310,250,1139,0,1217,817,705,545,1228,235,152,1028,1043,107,219,276,1326,1029,268,1325,1012,995,945,1243,263,215,241,214,0,1310,1228,248,0,0,700,931,205,0,0,0,0,731,1230,1291,552,960,183,1417,1275,0,503,1490,1168,1410,1327,1140,1079,705,1020,1286,756,0,688,158,1326,660,90,145,0,0,1587
